n_samples,n_features,time_elapsed_split
10,2,0.0021796226501464844
10,2,0.00016260147094726562
10,2,0.0001709461212158203
10,2,0.000141143798828125
10,2,0.000141143798828125
10,2,0.0001494884490966797
10,2,0.00013589859008789062
10,2,0.00014328956604003906
10,2,0.00013947486877441406
10,2,0.0001385211944580078
10,2,0.00013971328735351562
10,2,0.0001354217529296875
10,2,0.000133514404296875
10,2,0.00013875961303710938
10,2,0.0001373291015625
10,3,0.0001633167266845703
10,3,0.00015544891357421875
10,3,0.00016450881958007812
10,3,0.00015401840209960938
10,3,0.00016307830810546875
10,4,0.0001761913299560547
10,4,0.00017642974853515625
10,4,0.00017499923706054688
10,4,0.00017547607421875
10,4,0.0001723766326904297
10,6,0.00021529197692871094
10,6,0.0002143383026123047
10,6,0.00021958351135253906
10,6,0.00021338462829589844
10,6,0.00021195411682128906
10,8,0.00024819374084472656
10,8,0.00024080276489257812
10,8,0.00026535987854003906
10,8,0.0002570152282714844
10,8,0.0002357959747314453
10,11,0.00029206275939941406
10,11,0.0003178119659423828
10,11,0.00033092498779296875
10,11,0.0002903938293457031
10,11,0.0002899169921875
10,16,0.0003800392150878906
10,16,0.0003790855407714844
10,16,0.00037789344787597656
10,16,0.00037789344787597656
10,16,0.00037932395935058594
10,22,0.0004894733428955078
10,22,0.0004839897155761719
10,22,0.0005109310150146484
10,22,0.0005118846893310547
10,22,0.00048422813415527344
10,30,0.0006320476531982422
10,30,0.0006258487701416016
10,30,0.0006225109100341797
10,30,0.000629425048828125
10,30,0.0006232261657714844
10,42,0.0008511543273925781
10,42,0.0008761882781982422
10,42,0.0008921623229980469
10,42,0.0008449554443359375
10,42,0.0008382797241210938
10,59,0.001146078109741211
10,59,0.0011484622955322266
10,59,0.0011434555053710938
10,59,0.0011453628540039062
10,59,0.0011518001556396484
10,83,0.001581430435180664
10,83,0.0015642642974853516
10,83,0.0015630722045898438
10,83,0.0015702247619628906
10,83,0.0015685558319091797
10,116,0.0021851062774658203
10,116,0.002272367477416992
10,116,0.002180337905883789
10,116,0.0021855831146240234
10,116,0.0021774768829345703
10,163,0.003070831298828125
10,163,0.0030744075775146484
10,163,0.0031578540802001953
10,163,0.0030663013458251953
10,163,0.0032117366790771484
10,228,0.004441976547241211
10,228,0.004541873931884766
10,228,0.0043370723724365234
10,228,0.004338502883911133
10,228,0.004592180252075195
10,321,0.006231546401977539
10,321,0.006206989288330078
10,321,0.006307840347290039
10,321,0.0062160491943359375
10,321,0.006237983703613281
10,450,0.009101390838623047
10,450,0.009122371673583984
10,450,0.009636402130126953
10,450,0.009418010711669922
10,450,0.009088754653930664
10,631,0.014104366302490234
10,631,0.014573335647583008
10,631,0.014130592346191406
10,631,0.01439976692199707
10,631,0.014298200607299805
14,2,0.00028777122497558594
14,2,0.00017499923706054688
14,2,0.0001690387725830078
14,2,0.00017070770263671875
14,2,0.0001690387725830078
14,2,0.00017452239990234375
14,2,0.00017023086547851562
14,2,0.00016760826110839844
14,2,0.00016999244689941406
14,2,0.00016832351684570312
14,2,0.0001857280731201172
14,2,0.00017690658569335938
14,2,0.00018453598022460938
14,2,0.0001685619354248047
14,2,0.0001659393310546875
14,3,0.00021266937255859375
14,3,0.00020503997802734375
14,3,0.0002067089080810547
14,3,0.0002040863037109375
14,3,0.00020623207092285156
14,4,0.0002410411834716797
14,4,0.0002410411834716797
14,4,0.00024962425231933594
14,4,0.00023984909057617188
14,4,0.00025200843811035156
14,6,0.0003218650817871094
14,6,0.0003151893615722656
14,6,0.0003135204315185547
14,6,0.00031256675720214844
14,6,0.0003218650817871094
14,8,0.00039386749267578125
14,8,0.0003921985626220703
14,8,0.0003905296325683594
14,8,0.0003886222839355469
14,8,0.0003933906555175781
14,11,0.0004913806915283203
14,11,0.0004911422729492188
14,11,0.0004954338073730469
14,11,0.0004956722259521484
14,11,0.0004894733428955078
14,16,0.0006721019744873047
14,16,0.0006728172302246094
14,16,0.00067138671875
14,16,0.0006630420684814453
14,16,0.0007159709930419922
14,22,0.0009315013885498047
14,22,0.0009210109710693359
14,22,0.0009236335754394531
14,22,0.000881195068359375
14,22,0.0008804798126220703
14,30,0.001207113265991211
14,30,0.0011646747589111328
14,30,0.0011630058288574219
14,30,0.0011603832244873047
14,30,0.0011608600616455078
14,42,0.0015854835510253906
14,42,0.0015892982482910156
14,42,0.001585245132446289
14,42,0.0015861988067626953
14,42,0.001590728759765625
14,59,0.0023055076599121094
14,59,0.002201557159423828
14,59,0.002190828323364258
14,59,0.002185344696044922
14,59,0.0021848678588867188
14,83,0.0030448436737060547
14,83,0.003041982650756836
14,83,0.0030972957611083984
14,83,0.003078460693359375
14,83,0.0032088756561279297
14,116,0.004260063171386719
14,116,0.004339694976806641
14,116,0.004353046417236328
14,116,0.004499673843383789
14,116,0.004492521286010742
14,163,0.005973100662231445
14,163,0.006014585494995117
14,163,0.0059626102447509766
14,163,0.005960226058959961
14,163,0.006061077117919922
14,228,0.008402585983276367
14,228,0.008404970169067383
14,228,0.008399009704589844
14,228,0.008423089981079102
14,228,0.008498430252075195
14,321,0.01206517219543457
14,321,0.012104272842407227
14,321,0.012356996536254883
14,321,0.012372493743896484
14,321,0.012084722518920898
14,450,0.017801284790039062
14,450,0.01793837547302246
14,450,0.01767277717590332
14,450,0.017688989639282227
14,450,0.017609357833862305
14,631,0.026659250259399414
14,631,0.026309728622436523
14,631,0.026372432708740234
14,631,0.0263979434967041
14,631,0.026424169540405273
20,2,0.00023937225341796875
20,2,0.00022411346435546875
20,2,0.0002243518829345703
20,2,0.00022077560424804688
20,2,0.00022268295288085938
20,2,0.0002200603485107422
20,2,0.0002219676971435547
20,2,0.00022029876708984375
20,2,0.0002288818359375
20,2,0.00022029876708984375
20,2,0.00022864341735839844
20,2,0.00022172927856445312
20,2,0.00022172927856445312
20,2,0.00023484230041503906
20,2,0.00023221969604492188
20,3,0.000286102294921875
20,3,0.0002913475036621094
20,3,0.0002849102020263672
20,3,0.00029587745666503906
20,3,0.00028395652770996094
20,4,0.00034737586975097656
20,4,0.0003535747528076172
20,4,0.0003464221954345703
20,4,0.0003476142883300781
20,4,0.0003466606140136719
20,6,0.0004782676696777344
20,6,0.0004794597625732422
20,6,0.00047898292541503906
20,6,0.0004792213439941406
20,6,0.0004787445068359375
20,8,0.0006008148193359375
20,8,0.0005948543548583984
20,8,0.0005927085876464844
20,8,0.0006003379821777344
20,8,0.0006020069122314453
20,11,0.0007774829864501953
20,11,0.0007870197296142578
20,11,0.0007767677307128906
20,11,0.0007860660552978516
20,11,0.0007815361022949219
20,16,0.001088857650756836
20,16,0.0010895729064941406
20,16,0.0010879039764404297
20,16,0.0010917186737060547
20,16,0.0010898113250732422
20,22,0.0014586448669433594
20,22,0.0014541149139404297
20,22,0.0014567375183105469
20,22,0.001455545425415039
20,22,0.0014579296112060547
20,30,0.0020825862884521484
20,30,0.0019526481628417969
20,30,0.0019505023956298828
20,30,0.001947164535522461
20,30,0.0019519329071044922
20,42,0.002681732177734375
20,42,0.00270843505859375
20,42,0.0026853084564208984
20,42,0.0026891231536865234
20,42,0.002678394317626953
20,59,0.0038285255432128906
20,59,0.003940105438232422
20,59,0.00395655632019043
20,59,0.0038712024688720703
20,59,0.0037310123443603516
20,83,0.005251884460449219
20,83,0.005350589752197266
20,83,0.005232095718383789
20,83,0.0052547454833984375
20,83,0.0053331851959228516
20,116,0.007391214370727539
20,116,0.007334470748901367
20,116,0.007576465606689453
20,116,0.007306575775146484
20,116,0.0074939727783203125
20,163,0.010294675827026367
20,163,0.010436296463012695
20,163,0.010297536849975586
20,163,0.010501861572265625
20,163,0.010289907455444336
20,228,0.014719724655151367
20,228,0.014654874801635742
20,228,0.014590740203857422
20,228,0.014666557312011719
20,228,0.01476287841796875
20,321,0.021041393280029297
20,321,0.02091526985168457
20,321,0.02094125747680664
20,321,0.02103567123413086
20,321,0.021266698837280273
20,450,0.030324935913085938
20,450,0.03185009956359863
20,450,0.030601978302001953
20,450,0.03061985969543457
20,450,0.030583858489990234
20,631,0.04559493064880371
20,631,0.04490971565246582
20,631,0.045508623123168945
20,631,0.04498481750488281
20,631,0.047031402587890625
29,2,0.000335693359375
29,2,0.00032019615173339844
29,2,0.00031566619873046875
29,2,0.0003192424774169922
29,2,0.00032830238342285156
29,2,0.00031495094299316406
29,2,0.0003223419189453125
29,2,0.00032067298889160156
29,2,0.00032830238342285156
29,2,0.0003178119659423828
29,2,0.0003330707550048828
29,2,0.0003414154052734375
29,2,0.0003387928009033203
29,2,0.0003437995910644531
29,2,0.0003211498260498047
29,3,0.0004208087921142578
29,3,0.0004253387451171875
29,3,0.00041866302490234375
29,3,0.0004405975341796875
29,3,0.0004363059997558594
29,4,0.0005588531494140625
29,4,0.00052642822265625
29,4,0.0005581378936767578
29,4,0.0005657672882080078
29,4,0.0005335807800292969
29,6,0.000774383544921875
29,6,0.0007555484771728516
29,6,0.0007212162017822266
29,6,0.0007295608520507812
29,6,0.0007300376892089844
29,8,0.0009844303131103516
29,8,0.0009336471557617188
29,8,0.0009813308715820312
29,8,0.0009245872497558594
29,8,0.0009315013885498047
29,11,0.0012428760528564453
29,11,0.0012354850769042969
29,11,0.0012445449829101562
29,11,0.0012714862823486328
29,11,0.001239776611328125
29,16,0.0017364025115966797
29,16,0.0018358230590820312
29,16,0.0018336772918701172
29,16,0.001743316650390625
29,16,0.001743316650390625
29,22,0.0024042129516601562
29,22,0.002336263656616211
29,22,0.002373933792114258
29,22,0.002465486526489258
29,22,0.0024709701538085938
29,30,0.003301858901977539
29,30,0.0033719539642333984
29,30,0.003239154815673828
29,30,0.003147602081298828
29,30,0.0031342506408691406
29,42,0.004555702209472656
29,42,0.004460334777832031
29,42,0.0045015811920166016
29,42,0.004414796829223633
29,42,0.004351615905761719
29,59,0.0061185359954833984
29,59,0.00623011589050293
29,59,0.006109952926635742
29,59,0.006094217300415039
29,59,0.006086826324462891
29,83,0.008683204650878906
29,83,0.008867025375366211
29,83,0.008663415908813477
29,83,0.008570671081542969
29,83,0.008547067642211914
29,116,0.012124061584472656
29,116,0.011947870254516602
29,116,0.011917591094970703
29,116,0.011937379837036133
29,116,0.011937379837036133
29,163,0.017034530639648438
29,163,0.01685810089111328
29,163,0.017355680465698242
29,163,0.016875028610229492
29,163,0.017598867416381836
29,228,0.02399611473083496
29,228,0.024016380310058594
29,228,0.0243680477142334
29,228,0.024147748947143555
29,228,0.02425384521484375
29,321,0.03472328186035156
29,321,0.03451395034790039
29,321,0.03432345390319824
29,321,0.03445243835449219
29,321,0.03498125076293945
29,450,0.05015373229980469
29,450,0.04958343505859375
29,450,0.054671287536621094
29,450,0.04961109161376953
29,450,0.05002903938293457
29,631,0.07338547706604004
29,631,0.07323527336120605
29,631,0.07349658012390137
29,631,0.07329368591308594
29,631,0.07334327697753906
42,2,0.00048542022705078125
42,2,0.0004487037658691406
42,2,0.0004436969757080078
42,2,0.0004353523254394531
42,2,0.00042319297790527344
42,2,0.0004646778106689453
42,2,0.00045680999755859375
42,2,0.00042366981506347656
42,2,0.0004343986511230469
42,2,0.00042891502380371094
42,2,0.0004200935363769531
42,2,0.0004322528839111328
42,2,0.0004355907440185547
42,2,0.0004253387451171875
42,2,0.00042891502380371094
42,3,0.0006392002105712891
42,3,0.0006260871887207031
42,3,0.00060272216796875
42,3,0.0006120204925537109
42,3,0.0006186962127685547
42,4,0.0008027553558349609
42,4,0.0007994174957275391
42,4,0.0007505416870117188
42,4,0.0007548332214355469
42,4,0.0007431507110595703
42,6,0.0010724067687988281
42,6,0.001077413558959961
42,6,0.001071929931640625
42,6,0.0010764598846435547
42,6,0.0010747909545898438
42,8,0.0013957023620605469
42,8,0.0014510154724121094
42,8,0.00146484375
42,8,0.0014729499816894531
42,8,0.0014781951904296875
42,11,0.001912832260131836
42,11,0.0019190311431884766
42,11,0.0018775463104248047
42,11,0.0018765926361083984
42,11,0.0018672943115234375
42,16,0.0028154850006103516
42,16,0.0028145313262939453
42,16,0.002704620361328125
42,16,0.002652406692504883
42,16,0.002673625946044922
42,22,0.0036377906799316406
42,22,0.003618001937866211
42,22,0.0036172866821289062
42,22,0.0036630630493164062
42,22,0.0036292076110839844
42,30,0.0049896240234375
42,30,0.004973888397216797
42,30,0.0048828125
42,30,0.0049970149993896484
42,30,0.005171775817871094
42,42,0.006861448287963867
42,42,0.006911039352416992
42,42,0.006791114807128906
42,42,0.0072422027587890625
42,42,0.006807565689086914
42,59,0.00953221321105957
42,59,0.009498834609985352
42,59,0.009550333023071289
42,59,0.009866476058959961
42,59,0.009650945663452148
42,83,0.013405084609985352
42,83,0.013414382934570312
42,83,0.013466119766235352
42,83,0.013370037078857422
42,83,0.01336812973022461
42,116,0.01880478858947754
42,116,0.019064664840698242
42,116,0.01880335807800293
42,116,0.01958918571472168
42,116,0.019145488739013672
42,163,0.02683091163635254
42,163,0.027212858200073242
42,163,0.02680516242980957
42,163,0.026870250701904297
42,163,0.02672743797302246
42,228,0.03814530372619629
42,228,0.03776264190673828
42,228,0.038167476654052734
42,228,0.03780555725097656
42,228,0.038599252700805664
42,321,0.05477547645568848
42,321,0.05431175231933594
42,321,0.0546417236328125
42,321,0.05433368682861328
42,321,0.05472373962402344
42,450,0.07895135879516602
42,450,0.07874703407287598
42,450,0.07935595512390137
42,450,0.07953119277954102
42,450,0.07826852798461914
42,631,0.11582541465759277
42,631,0.11454606056213379
42,631,0.1157221794128418
42,631,0.11509132385253906
42,631,0.11616754531860352
61,2,0.0006091594696044922
61,2,0.0005991458892822266
61,2,0.0006046295166015625
61,2,0.0006010532379150391
61,2,0.0005996227264404297
61,2,0.0005986690521240234
61,2,0.0005896091461181641
61,2,0.0005922317504882812
61,2,0.0005946159362792969
61,2,0.0006034374237060547
61,2,0.0006022453308105469
61,2,0.0005900859832763672
61,2,0.0005905628204345703
61,2,0.0005898475646972656
61,2,0.0005993843078613281
61,3,0.00084686279296875
61,3,0.0008463859558105469
61,3,0.0008399486541748047
61,3,0.0008442401885986328
61,3,0.0008528232574462891
61,4,0.0011014938354492188
61,4,0.001163482666015625
61,4,0.0010983943939208984
61,4,0.0011112689971923828
61,4,0.0011029243469238281
61,6,0.0015857219696044922
61,6,0.001581430435180664
61,6,0.0015857219696044922
61,6,0.0015864372253417969
61,6,0.001584768295288086
61,8,0.002079486846923828
61,8,0.002072572708129883
61,8,0.0020728111267089844
61,8,0.0020782947540283203
61,8,0.0021631717681884766
61,11,0.0028276443481445312
61,11,0.002817392349243164
61,11,0.002814054489135742
61,11,0.0028107166290283203
61,11,0.0028672218322753906
61,16,0.004135608673095703
61,16,0.004030466079711914
61,16,0.004244804382324219
61,16,0.004040241241455078
61,16,0.004023551940917969
61,22,0.005509376525878906
61,22,0.00551295280456543
61,22,0.005505561828613281
61,22,0.005509138107299805
61,22,0.0055217742919921875
61,30,0.007476806640625
61,30,0.007465362548828125
61,30,0.007669210433959961
61,30,0.007477521896362305
61,30,0.007649421691894531
61,42,0.010488033294677734
61,42,0.010414361953735352
61,42,0.010480165481567383
61,42,0.010619401931762695
61,42,0.010515213012695312
61,59,0.014961719512939453
61,59,0.014674186706542969
61,59,0.014735221862792969
61,59,0.014622688293457031
61,59,0.014919757843017578
61,83,0.020684480667114258
61,83,0.02093672752380371
61,83,0.02095818519592285
61,83,0.0208284854888916
61,83,0.021131038665771484
61,116,0.029175758361816406
61,116,0.028990983963012695
61,116,0.02912282943725586
61,116,0.029395103454589844
61,116,0.0295870304107666
61,163,0.0418245792388916
61,163,0.04151606559753418
61,163,0.04144692420959473
61,163,0.04129600524902344
61,163,0.0412745475769043
61,228,0.06257510185241699
61,228,0.05965375900268555
61,228,0.05975961685180664
61,228,0.05858588218688965
61,228,0.059290170669555664
61,321,0.0845940113067627
61,321,0.0839073657989502
61,321,0.08642029762268066
61,321,0.08400344848632812
61,321,0.08542585372924805
61,450,0.12129783630371094
61,450,0.12147021293640137
61,450,0.12207341194152832
61,450,0.12267088890075684
61,450,0.12659931182861328
61,631,0.1823742389678955
61,631,0.18199849128723145
61,631,0.18089675903320312
61,631,0.18320012092590332
61,631,0.18125677108764648
88,2,0.0009407997131347656
88,2,0.0009255409240722656
88,2,0.0009195804595947266
88,2,0.0009160041809082031
88,2,0.0009248256683349609
88,2,0.0009009838104248047
88,2,0.0009129047393798828
88,2,0.0009109973907470703
88,2,0.00090789794921875
88,2,0.0009207725524902344
88,2,0.0009114742279052734
88,2,0.0009138584136962891
88,2,0.0008893013000488281
88,2,0.0008554458618164062
88,2,0.0008625984191894531
88,3,0.00124359130859375
88,3,0.0012362003326416016
88,3,0.0012335777282714844
88,3,0.001234292984008789
88,3,0.0012426376342773438
88,4,0.001611948013305664
88,4,0.001619577407836914
88,4,0.001608133316040039
88,4,0.001607656478881836
88,4,0.0016069412231445312
88,6,0.002362966537475586
88,6,0.0024187564849853516
88,6,0.002469778060913086
88,6,0.0023956298828125
88,6,0.0023953914642333984
88,8,0.0030820369720458984
88,8,0.0031070709228515625
88,8,0.0031728744506835938
88,8,0.003105640411376953
88,8,0.003084421157836914
88,11,0.004209041595458984
88,11,0.0041904449462890625
88,11,0.004383087158203125
88,11,0.0044324398040771484
88,11,0.004301309585571289
88,16,0.0061550140380859375
88,16,0.006056785583496094
88,16,0.006054401397705078
88,16,0.006047725677490234
88,16,0.00607609748840332
88,22,0.008314847946166992
88,22,0.008381843566894531
88,22,0.008313417434692383
88,22,0.008300065994262695
88,22,0.008337736129760742
88,30,0.011407136917114258
88,30,0.011280298233032227
88,30,0.011479854583740234
88,30,0.011244535446166992
88,30,0.01125478744506836
88,42,0.01586294174194336
88,42,0.015818357467651367
88,42,0.015976428985595703
88,42,0.01568603515625
88,42,0.01594257354736328
88,59,0.022127389907836914
88,59,0.02210211753845215
88,59,0.0225832462310791
88,59,0.022146940231323242
88,59,0.022258996963500977
88,83,0.03146529197692871
88,83,0.031198740005493164
88,83,0.0317845344543457
88,83,0.031961679458618164
88,83,0.03170037269592285
88,116,0.04413437843322754
88,116,0.044087886810302734
88,116,0.04416203498840332
88,116,0.0448613166809082
88,116,0.04397702217102051
88,163,0.06246018409729004
88,163,0.0623626708984375
88,163,0.06258201599121094
88,163,0.06280398368835449
88,163,0.062430620193481445
88,228,0.08878779411315918
88,228,0.0890960693359375
88,228,0.08926916122436523
88,228,0.08902120590209961
88,228,0.08832430839538574
88,321,0.1279304027557373
88,321,0.12810802459716797
88,321,0.12801623344421387
88,321,0.12801456451416016
88,321,0.12944936752319336
88,450,0.18695545196533203
88,450,0.1966383457183838
88,450,0.1928410530090332
88,450,0.1906297206878662
88,450,0.19310450553894043
88,631,0.28797125816345215
88,631,0.28581833839416504
88,631,0.28105902671813965
88,631,0.2817249298095703
88,631,0.2812366485595703
127,2,0.0012536048889160156
127,2,0.0012288093566894531
127,2,0.001230478286743164
127,2,0.0012750625610351562
127,2,0.0013573169708251953
127,2,0.0012612342834472656
127,2,0.0012819766998291016
127,2,0.0012843608856201172
127,2,0.0012662410736083984
127,2,0.0012404918670654297
127,2,0.0012485980987548828
127,2,0.0012540817260742188
127,2,0.001224517822265625
127,2,0.0012714862823486328
127,2,0.0012428760528564453
127,3,0.0018262863159179688
127,3,0.0018193721771240234
127,3,0.0018994808197021484
127,3,0.0018208026885986328
127,3,0.0018315315246582031
127,4,0.0023736953735351562
127,4,0.002368450164794922
127,4,0.0023796558380126953
127,4,0.0023720264434814453
127,4,0.002358675003051758
127,6,0.0034911632537841797
127,6,0.0035016536712646484
127,6,0.0034880638122558594
127,6,0.0034995079040527344
127,6,0.003587007522583008
127,8,0.004634857177734375
127,8,0.0047037601470947266
127,8,0.0046689510345458984
127,8,0.004598379135131836
127,8,0.004609107971191406
127,11,0.006342172622680664
127,11,0.0062885284423828125
127,11,0.006324291229248047
127,11,0.006278038024902344
127,11,0.006445884704589844
127,16,0.009156942367553711
127,16,0.009202957153320312
127,16,0.009211540222167969
127,16,0.009057283401489258
127,16,0.00907135009765625
127,22,0.012623310089111328
127,22,0.01246333122253418
127,22,0.012408733367919922
127,22,0.012646198272705078
127,22,0.01250147819519043
127,30,0.017338991165161133
127,30,0.01741337776184082
127,30,0.0171051025390625
127,30,0.016977310180664062
127,30,0.016936302185058594
127,42,0.02394580841064453
127,42,0.02425837516784668
127,42,0.023817062377929688
127,42,0.0235748291015625
127,42,0.023843765258789062
127,59,0.03374743461608887
127,59,0.03330254554748535
127,59,0.03347659111022949
127,59,0.03329944610595703
127,59,0.03332710266113281
127,83,0.04745912551879883
127,83,0.04725456237792969
127,83,0.04759693145751953
127,83,0.04765152931213379
127,83,0.04711174964904785
127,116,0.06634306907653809
127,116,0.06709074974060059
127,116,0.06656837463378906
127,116,0.06681394577026367
127,116,0.06791448593139648
127,163,0.0955038070678711
127,163,0.10650873184204102
127,163,0.09621334075927734
127,163,0.09608149528503418
127,163,0.09414887428283691
127,228,0.1349949836730957
127,228,0.13532280921936035
127,228,0.13436412811279297
127,228,0.13666081428527832
127,228,0.13508939743041992
127,321,0.19455718994140625
127,321,0.1972949504852295
127,321,0.19554901123046875
127,321,0.1957991123199463
127,321,0.19696640968322754
127,450,0.2888529300689697
127,450,0.2877962589263916
127,450,0.28952527046203613
127,450,0.2864348888397217
127,450,0.2896428108215332
127,631,0.43422794342041016
127,631,0.43582820892333984
127,631,0.43476009368896484
127,631,0.4350576400756836
127,631,0.4431946277618408
183,2,0.0018582344055175781
183,2,0.0018489360809326172
183,2,0.0018534660339355469
183,2,0.0018389225006103516
183,2,0.0019338130950927734
183,2,0.0018315315246582031
183,2,0.0018429756164550781
183,2,0.0018527507781982422
183,2,0.0018305778503417969
183,2,0.00183868408203125
183,2,0.0018231868743896484
183,2,0.001973867416381836
183,2,0.0019483566284179688
183,2,0.0018804073333740234
183,2,0.0018465518951416016
183,3,0.0026998519897460938
183,3,0.0026879310607910156
183,3,0.0026922225952148438
183,3,0.002670764923095703
183,3,0.002674102783203125
183,4,0.003545999526977539
183,4,0.003522634506225586
183,4,0.003546476364135742
183,4,0.0035164356231689453
183,4,0.003532886505126953
183,6,0.0053081512451171875
183,6,0.005299568176269531
183,6,0.005202770233154297
183,6,0.005292415618896484
183,6,0.005177974700927734
183,8,0.006896018981933594
183,8,0.007040739059448242
183,8,0.006891489028930664
183,8,0.006902933120727539
183,8,0.006891012191772461
183,11,0.009384870529174805
183,11,0.009940385818481445
183,11,0.009379386901855469
183,11,0.00964212417602539
183,11,0.009482383728027344
183,16,0.013593435287475586
183,16,0.013727426528930664
183,16,0.013739347457885742
183,16,0.013614892959594727
183,16,0.013843297958374023
183,22,0.01893019676208496
183,22,0.018834590911865234
183,22,0.019356966018676758
183,22,0.0186617374420166
183,22,0.01882314682006836
183,30,0.025561809539794922
183,30,0.02619194984436035
183,30,0.025510787963867188
183,30,0.025928258895874023
183,30,0.025429725646972656
183,42,0.03603935241699219
183,42,0.03587460517883301
183,42,0.03571510314941406
183,42,0.03638148307800293
183,42,0.035753726959228516
183,59,0.05065584182739258
183,59,0.05098986625671387
183,59,0.05114102363586426
183,59,0.05058121681213379
183,59,0.050377607345581055
183,83,0.07143187522888184
183,83,0.07127022743225098
183,83,0.07087564468383789
183,83,0.07084536552429199
183,83,0.07202696800231934
183,116,0.10199093818664551
183,116,0.10010266304016113
183,116,0.10174083709716797
183,116,0.10115861892700195
183,116,0.10092973709106445
183,163,0.14297890663146973
183,163,0.14392518997192383
183,163,0.14471435546875
183,163,0.14472484588623047
183,163,0.14301228523254395
183,228,0.20463347434997559
183,228,0.20518970489501953
183,228,0.20441150665283203
183,228,0.20425701141357422
183,228,0.20719647407531738
183,321,0.2990267276763916
183,321,0.298825740814209
183,321,0.3025350570678711
183,321,0.2986278533935547
183,321,0.2989177703857422
183,450,0.4442768096923828
183,450,0.4429903030395508
183,450,0.44196009635925293
183,450,0.44206929206848145
183,450,0.44397616386413574
183,631,0.677281379699707
183,631,0.6755433082580566
183,631,0.6839931011199951
183,631,0.692105770111084
183,631,0.6950063705444336
263,2,0.002961397171020508
263,2,0.0028734207153320312
263,2,0.002906322479248047
263,2,0.0030024051666259766
263,2,0.0029754638671875
263,2,0.002943277359008789
263,2,0.002884387969970703
263,2,0.002931356430053711
263,2,0.0028455257415771484
263,2,0.0029180049896240234
263,2,0.002816915512084961
263,2,0.002839803695678711
263,2,0.0027256011962890625
263,2,0.0026824474334716797
263,2,0.002658367156982422
263,3,0.004092216491699219
263,3,0.003961324691772461
263,3,0.003990650177001953
263,3,0.003953695297241211
263,3,0.003936767578125
263,4,0.005225419998168945
263,4,0.0053899288177490234
263,4,0.0054166316986083984
263,4,0.00521540641784668
263,4,0.005206108093261719
263,6,0.00796961784362793
263,6,0.007900476455688477
263,6,0.007824420928955078
263,6,0.007769107818603516
263,6,0.00784611701965332
263,8,0.010315895080566406
263,8,0.010377645492553711
263,8,0.010359764099121094
263,8,0.010473966598510742
263,8,0.01029515266418457
263,11,0.014306783676147461
263,11,0.014136314392089844
263,11,0.014459609985351562
263,11,0.014276504516601562
263,11,0.014808416366577148
263,16,0.02104496955871582
263,16,0.02048802375793457
263,16,0.020527124404907227
263,16,0.020469188690185547
263,16,0.020826339721679688
263,22,0.028387069702148438
263,22,0.028414011001586914
263,22,0.028134584426879883
263,22,0.0283200740814209
263,22,0.028310298919677734
263,30,0.03863859176635742
263,30,0.03893852233886719
263,30,0.038994789123535156
263,30,0.03933882713317871
263,30,0.0386204719543457
263,42,0.05413460731506348
263,42,0.053975820541381836
263,42,0.054045915603637695
263,42,0.05466413497924805
263,42,0.05390167236328125
263,59,0.07729029655456543
263,59,0.0764150619506836
263,59,0.0771336555480957
263,59,0.07605600357055664
263,59,0.07631564140319824
263,83,0.10790109634399414
263,83,0.10884380340576172
263,83,0.10825085639953613
263,83,0.10791730880737305
263,83,0.10908150672912598
263,116,0.1618034839630127
263,116,0.15352869033813477
263,116,0.15389394760131836
263,116,0.1544332504272461
263,116,0.15338706970214844
263,163,0.21947574615478516
263,163,0.21939301490783691
263,163,0.21825098991394043
263,163,0.2206573486328125
263,163,0.21940302848815918
263,228,0.3156929016113281
263,228,0.3140068054199219
263,228,0.31393980979919434
263,228,0.3131282329559326
263,228,0.31325697898864746
263,321,0.4618058204650879
263,321,0.4586303234100342
263,321,0.4623901844024658
263,321,0.4578220844268799
263,321,0.4587380886077881
263,450,0.7342507839202881
263,450,0.729417085647583
263,450,0.7290880680084229
263,450,0.7264523506164551
263,450,0.7228655815124512
263,631,1.1286993026733398
263,631,1.1343145370483398
263,631,1.1337299346923828
263,631,1.1330749988555908
263,631,1.1250526905059814
379,2,0.004160881042480469
379,2,0.004087209701538086
379,2,0.004007577896118164
379,2,0.0041675567626953125
379,2,0.004205942153930664
379,2,0.00403285026550293
379,2,0.004099369049072266
379,2,0.0040204524993896484
379,2,0.004040956497192383
379,2,0.004019737243652344
379,2,0.004048347473144531
379,2,0.0040988922119140625
379,2,0.004209280014038086
379,2,0.0042302608489990234
379,2,0.004094123840332031
379,3,0.006072282791137695
379,3,0.006354808807373047
379,3,0.006088733673095703
379,3,0.005929470062255859
379,3,0.005918025970458984
379,4,0.00807332992553711
379,4,0.008059978485107422
379,4,0.008472442626953125
379,4,0.008054494857788086
379,4,0.007973194122314453
379,6,0.012379646301269531
379,6,0.011914253234863281
379,6,0.011825323104858398
379,6,0.01194906234741211
379,6,0.011878013610839844
379,8,0.015816926956176758
379,8,0.015808582305908203
379,8,0.01588916778564453
379,8,0.01612687110900879
379,8,0.015753507614135742
379,11,0.021776199340820312
379,11,0.021982192993164062
379,11,0.02161121368408203
379,11,0.02221536636352539
379,11,0.022016286849975586
379,16,0.03374218940734863
379,16,0.03392767906188965
379,16,0.03315162658691406
379,16,0.032627105712890625
379,16,0.03300189971923828
379,22,0.04496192932128906
379,22,0.04541897773742676
379,22,0.0453188419342041
379,22,0.04462170600891113
379,22,0.04467129707336426
379,30,0.06149148941040039
379,30,0.06148028373718262
379,30,0.061447858810424805
379,30,0.06129789352416992
379,30,0.062195539474487305
379,42,0.08565258979797363
379,42,0.08533549308776855
379,42,0.0862727165222168
379,42,0.08545041084289551
379,42,0.08474946022033691
379,59,0.1221470832824707
379,59,0.12215638160705566
379,59,0.12166142463684082
379,59,0.12117934226989746
379,59,0.12221980094909668
379,83,0.1741642951965332
379,83,0.16937828063964844
379,83,0.16919898986816406
379,83,0.16868352890014648
379,83,0.16764593124389648
379,116,0.2392137050628662
379,116,0.2375645637512207
379,116,0.23673701286315918
379,116,0.23821759223937988
379,116,0.24770021438598633
379,163,0.33846616744995117
379,163,0.3394615650177002
379,163,0.33939695358276367
379,163,0.338763952255249
379,163,0.34077882766723633
379,228,0.48755979537963867
379,228,0.4873044490814209
379,228,0.4891829490661621
379,228,0.48992180824279785
379,228,0.48647356033325195
379,321,0.7482824325561523
379,321,0.7493126392364502
379,321,0.7483108043670654
379,321,0.7476460933685303
379,321,0.7537710666656494
379,450,1.13214111328125
379,450,1.1303863525390625
379,450,1.1567955017089844
379,450,1.1391816139221191
379,450,1.1373796463012695
379,631,1.7839398384094238
379,631,1.8435273170471191
379,631,1.8056163787841797
379,631,1.8153002262115479
379,631,1.7788457870483398
545,2,0.006403923034667969
545,2,0.006211757659912109
545,2,0.006169795989990234
545,2,0.006213188171386719
545,2,0.006152153015136719
545,2,0.0065839290618896484
545,2,0.0063190460205078125
545,2,0.0061647891998291016
545,2,0.006268739700317383
545,2,0.006136655807495117
545,2,0.006239175796508789
545,2,0.006185293197631836
545,2,0.006165504455566406
545,2,0.006351947784423828
545,2,0.00639796257019043
545,3,0.009321928024291992
545,3,0.009233236312866211
545,3,0.009169340133666992
545,3,0.009261131286621094
545,3,0.009336471557617188
545,4,0.012311697006225586
545,4,0.012294530868530273
545,4,0.012467384338378906
545,4,0.01276254653930664
545,4,0.01303720474243164
545,6,0.018715620040893555
545,6,0.018410682678222656
545,6,0.01862502098083496
545,6,0.018394947052001953
545,6,0.018537044525146484
545,8,0.024773836135864258
545,8,0.02494192123413086
545,8,0.024637699127197266
545,8,0.024708986282348633
545,8,0.02500319480895996
545,11,0.03429746627807617
545,11,0.03400826454162598
545,11,0.03431344032287598
545,11,0.03401327133178711
545,11,0.03380322456359863
545,16,0.04958987236022949
545,16,0.04898524284362793
545,16,0.04949474334716797
545,16,0.049309492111206055
545,16,0.049771785736083984
545,22,0.0685577392578125
545,22,0.06816887855529785
545,22,0.06922483444213867
545,22,0.06815791130065918
545,22,0.06839704513549805
545,30,0.0956723690032959
545,30,0.09536290168762207
545,30,0.09398078918457031
545,30,0.09405040740966797
545,30,0.09339690208435059
545,42,0.1307694911956787
545,42,0.13156676292419434
545,42,0.1317446231842041
545,42,0.1313788890838623
545,42,0.1324939727783203
545,59,0.19153213500976562
545,59,0.18636441230773926
545,59,0.18842792510986328
545,59,0.1859574317932129
545,59,0.18630576133728027
545,83,0.26572632789611816
545,83,0.26723599433898926
545,83,0.2673358917236328
545,83,0.2647836208343506
545,83,0.267880916595459
545,116,0.37943506240844727
545,116,0.3792271614074707
545,116,0.3785524368286133
545,116,0.3770008087158203
545,116,0.37488579750061035
545,163,0.5405550003051758
545,163,0.5384061336517334
545,163,0.5393404960632324
545,163,0.5385282039642334
545,163,0.537531852722168
545,228,0.7944917678833008
545,228,0.7972579002380371
545,228,0.794102668762207
545,228,0.8012590408325195
545,228,0.8173010349273682
545,321,1.2140007019042969
545,321,1.2063772678375244
545,321,1.2208759784698486
545,321,1.1815216541290283
545,321,1.1804161071777344
545,450,1.790574312210083
545,450,1.7992284297943115
545,450,1.7901363372802734
545,450,1.798689842224121
545,450,1.7993881702423096
545,631,2.772420644760132
545,631,2.8371448516845703
545,631,2.828157663345337
545,631,2.78144907951355
545,631,2.797046422958374
784,2,0.00983428955078125
784,2,0.010292530059814453
784,2,0.00984811782836914
784,2,0.010170221328735352
784,2,0.009741544723510742
784,2,0.009682416915893555
784,2,0.00995182991027832
784,2,0.010044336318969727
784,2,0.009678840637207031
784,2,0.009675979614257812
784,2,0.009685039520263672
784,2,0.009903192520141602
784,2,0.010085821151733398
784,2,0.009855270385742188
784,2,0.009710550308227539
784,3,0.014657258987426758
784,3,0.01482391357421875
784,3,0.014790773391723633
784,3,0.014546394348144531
784,3,0.014611244201660156
784,4,0.019648313522338867
784,4,0.019755840301513672
784,4,0.019858837127685547
784,4,0.019554615020751953
784,4,0.0196077823638916
784,6,0.029443025588989258
784,6,0.029555559158325195
784,6,0.030029773712158203
784,6,0.02976393699645996
784,6,0.029444456100463867
784,8,0.0388638973236084
784,8,0.03945589065551758
784,8,0.03929328918457031
784,8,0.03938436508178711
784,8,0.03894305229187012
784,11,0.05392026901245117
784,11,0.05429959297180176
784,11,0.05397748947143555
784,11,0.054918527603149414
784,11,0.05439138412475586
784,16,0.07873106002807617
784,16,0.07834672927856445
784,16,0.07902836799621582
784,16,0.07775545120239258
784,16,0.0780789852142334
784,22,0.10855817794799805
784,22,0.1087181568145752
784,22,0.1080634593963623
784,22,0.10765957832336426
784,22,0.1082913875579834
784,30,0.14844083786010742
784,30,0.14789605140686035
784,30,0.14847445487976074
784,30,0.14842510223388672
784,30,0.14868378639221191
784,42,0.20862150192260742
784,42,0.2088944911956787
784,42,0.20959115028381348
784,42,0.20895051956176758
784,42,0.20898771286010742
784,59,0.29822325706481934
784,59,0.29648804664611816
784,59,0.2966454029083252
784,59,0.2974534034729004
784,59,0.2979714870452881
784,83,0.422893762588501
784,83,0.4241464138031006
784,83,0.4223496913909912
784,83,0.42313170433044434
784,83,0.42163848876953125
784,116,0.6075916290283203
784,116,0.6005761623382568
784,116,0.6134378910064697
784,116,0.6227293014526367
784,116,0.6206238269805908
784,163,0.8989386558532715
784,163,0.9052712917327881
784,163,0.901648759841919
784,163,0.8818638324737549
784,163,0.880152702331543
784,228,1.2935442924499512
784,228,1.2865502834320068
784,228,1.2868702411651611
784,228,1.2874581813812256
784,228,1.2897005081176758
784,321,1.922945261001587
784,321,1.9315271377563477
784,321,1.926459550857544
784,321,1.97123384475708
784,321,1.9768784046173096
784,450,2.9949450492858887
784,450,2.9185733795166016
784,450,2.933011531829834
784,450,2.9191324710845947
784,450,2.938587188720703
784,631,6.96388840675354
784,631,4.493453025817871
784,631,6.098678112030029
784,631,6.108617782592773
784,631,4.585702657699585
1128,2,0.016715526580810547
1128,2,0.016143083572387695
1128,2,0.016069889068603516
1128,2,0.01612687110900879
1128,2,0.01597905158996582
1128,2,0.01625657081604004
1128,2,0.016400575637817383
1128,2,0.016289234161376953
1128,2,0.01648402214050293
1128,2,0.01612114906311035
1128,2,0.01614665985107422
1128,2,0.016147613525390625
1128,2,0.015925168991088867
1128,2,0.016230106353759766
1128,2,0.016017675399780273
1128,3,0.02531290054321289
1128,3,0.025208473205566406
1128,3,0.024722576141357422
1128,3,0.024872779846191406
1128,3,0.02519536018371582
1128,4,0.03311419486999512
1128,4,0.03398585319519043
1128,4,0.033119916915893555
1128,4,0.03229188919067383
1128,4,0.03217625617980957
1128,6,0.04918336868286133
1128,6,0.048767805099487305
1128,6,0.04799771308898926
1128,6,0.04859161376953125
1128,6,0.04916787147521973
1128,8,0.06491518020629883
1128,8,0.064697265625
1128,8,0.0644369125366211
1128,8,0.06472635269165039
1128,8,0.06425976753234863
1128,11,0.0886220932006836
1128,11,0.09013199806213379
1128,11,0.0890650749206543
1128,11,0.08866238594055176
1128,11,0.08901476860046387
1128,16,0.130615234375
1128,16,0.12974882125854492
1128,16,0.12931013107299805
1128,16,0.12968945503234863
1128,16,0.1304466724395752
1128,22,0.17949509620666504
1128,22,0.1802365779876709
1128,22,0.17974638938903809
1128,22,0.17908215522766113
1128,22,0.1794126033782959
1128,30,0.2476637363433838
1128,30,0.2500154972076416
1128,30,0.24663829803466797
1128,30,0.24490094184875488
1128,30,0.24563908576965332
1128,42,0.3448925018310547
1128,42,0.34557437896728516
1128,42,0.35295701026916504
1128,42,0.3457009792327881
1128,42,0.3472321033477783
1128,59,0.49083733558654785
1128,59,0.49150705337524414
1128,59,0.49109578132629395
1128,59,0.48889780044555664
1128,59,0.49001121520996094
1128,83,0.7006239891052246
1128,83,0.6983757019042969
1128,83,0.6963465213775635
1128,83,0.6953601837158203
1128,83,0.6950063705444336
1128,116,0.9970147609710693
1128,116,1.0207643508911133
1128,116,1.0270466804504395
1128,116,1.026329755783081
1128,116,1.0325453281402588
1128,163,1.4725468158721924
1128,163,1.445347547531128
1128,163,1.4408371448516846
1128,163,1.4434385299682617
1128,163,1.4490859508514404
1128,228,2.027932643890381
1128,228,2.099895477294922
1128,228,2.0467796325683594
1128,228,2.0880255699157715
1128,228,2.0742058753967285
1128,321,3.1283621788024902
1128,321,3.1034953594207764
1128,321,3.11580753326416
1128,321,3.084287166595459
1128,321,3.0936429500579834
1128,450,6.301600456237793
1128,450,4.552088975906372
1128,450,5.797809839248657
1128,450,5.798219442367554
1128,450,4.60149073600769
1128,631,6.9381983280181885
1128,631,6.955808401107788
1128,631,8.598571062088013
1128,631,6.877696514129639
1128,631,9.293745994567871
1623,2,0.026921510696411133
1623,2,0.026893138885498047
1623,2,0.026800870895385742
1623,2,0.027069807052612305
1623,2,0.028158903121948242
1623,2,0.026898860931396484
1623,2,0.02725839614868164
1623,2,0.027368545532226562
1623,2,0.026875734329223633
1623,2,0.026988506317138672
1623,2,0.026963233947753906
1623,2,0.026627540588378906
1623,2,0.02686285972595215
1623,2,0.02692437171936035
1623,2,0.026949644088745117
1623,3,0.040680885314941406
1623,3,0.040421247482299805
1623,3,0.04033803939819336
1623,3,0.04038071632385254
1623,3,0.04025554656982422
1623,4,0.05339956283569336
1623,4,0.053632259368896484
1623,4,0.053267478942871094
1623,4,0.05367684364318848
1623,4,0.05347561836242676
1623,6,0.08125424385070801
1623,6,0.08012247085571289
1623,6,0.08096671104431152
1623,6,0.080841064453125
1623,6,0.08028984069824219
1623,8,0.10806632041931152
1623,8,0.1084890365600586
1623,8,0.10740089416503906
1623,8,0.107452392578125
1623,8,0.11159849166870117
1623,11,0.15431761741638184
1623,11,0.14879655838012695
1623,11,0.1481924057006836
1623,11,0.14815950393676758
1623,11,0.14847588539123535
1623,16,0.21832728385925293
1623,16,0.21666932106018066
1623,16,0.21562957763671875
1623,16,0.2174677848815918
1623,16,0.21631240844726562
1623,22,0.2991948127746582
1623,22,0.3001687526702881
1623,22,0.29883408546447754
1623,22,0.30037713050842285
1623,22,0.299579381942749
1623,30,0.4122323989868164
1623,30,0.4188690185546875
1623,30,0.4114420413970947
1623,30,0.4124927520751953
1623,30,0.41333937644958496
1623,42,0.5810933113098145
1623,42,0.5786893367767334
1623,42,0.578179121017456
1623,42,0.5787680149078369
1623,42,0.5780045986175537
1623,59,0.8216705322265625
1623,59,0.825080394744873
1623,59,0.8209922313690186
1623,59,0.8193600177764893
1623,59,0.8190548419952393
1623,83,1.174048900604248
1623,83,1.2064993381500244
1623,83,1.1892626285552979
1623,83,1.1741704940795898
1623,83,1.1862189769744873
1623,116,1.6808180809020996
1623,116,1.6823348999023438
1623,116,1.6739697456359863
1623,116,1.6883647441864014
1623,116,1.676208257675171
1623,163,2.4227631092071533
1623,163,2.430501937866211
1623,163,2.449434280395508
1623,163,2.4381937980651855
1623,163,2.426710605621338
1623,228,3.4045374393463135
1623,228,3.5310263633728027
1623,228,3.43471097946167
1623,228,3.4476447105407715
1623,228,3.502870798110962
1623,321,5.157920837402344
1623,321,5.0410637855529785
1623,321,4.929910659790039
1623,321,4.9645185470581055
1623,321,4.937632083892822
1623,450,7.41821551322937
1623,450,8.754166841506958
1623,450,7.398835182189941
1623,450,9.246319770812988
1623,450,7.507627964019775
1623,631,13.615722417831421
1623,631,13.722536087036133
1623,631,13.778868913650513
1623,631,13.656049251556396
1623,631,13.637687683105469
2335,2,0.048917293548583984
2335,2,0.048424482345581055
2335,2,0.048892974853515625
2335,2,0.04950666427612305
2335,2,0.05027914047241211
2335,2,0.05134248733520508
2335,2,0.04944872856140137
2335,2,0.049779415130615234
2335,2,0.050150394439697266
2335,2,0.050171852111816406
2335,2,0.05013442039489746
2335,2,0.05032181739807129
2335,2,0.04918241500854492
2335,2,0.04686427116394043
2335,2,0.047516822814941406
2335,3,0.07005858421325684
2335,3,0.06943178176879883
2335,3,0.07045340538024902
2335,3,0.06982588768005371
2335,3,0.07051420211791992
2335,4,0.09414815902709961
2335,4,0.09306812286376953
2335,4,0.09469079971313477
2335,4,0.09879684448242188
2335,4,0.09716033935546875
2335,6,0.14235353469848633
2335,6,0.14543843269348145
2335,6,0.14365792274475098
2335,6,0.1442255973815918
2335,6,0.14278745651245117
2335,8,0.19190263748168945
2335,8,0.1918478012084961
2335,8,0.19012928009033203
2335,8,0.1909337043762207
2335,8,0.19138121604919434
2335,11,0.27146172523498535
2335,11,0.2716212272644043
2335,11,0.26264405250549316
2335,11,0.26503801345825195
2335,11,0.26685023307800293
2335,16,0.3892545700073242
2335,16,0.38645219802856445
2335,16,0.38054943084716797
2335,16,0.37706422805786133
2335,16,0.378220796585083
2335,22,0.5194780826568604
2335,22,0.518639326095581
2335,22,0.5211484432220459
2335,22,0.5222537517547607
2335,22,0.5225749015808105
2335,30,0.7205538749694824
2335,30,0.7208669185638428
2335,30,0.7260539531707764
2335,30,0.7246804237365723
2335,30,0.7220230102539062
2335,42,1.0043346881866455
2335,42,1.0051956176757812
2335,42,1.0084173679351807
2335,42,1.0056264400482178
2335,42,1.0114789009094238
2335,59,1.4411697387695312
2335,59,1.4328362941741943
2335,59,1.4672138690948486
2335,59,1.476478099822998
2335,59,1.4545161724090576
2335,83,2.051942825317383
2335,83,2.051687479019165
2335,83,2.055293321609497
2335,83,2.0488219261169434
2335,83,2.0466413497924805
2335,116,2.9237563610076904
2335,116,2.928800106048584
2335,116,2.970197916030884
2335,116,2.9259190559387207
2335,116,2.9209532737731934
2335,163,4.098726749420166
2335,163,4.0700507164001465
2335,163,4.130223035812378
2335,163,4.200308799743652
2335,163,4.119449853897095
2335,228,5.746467590332031
2335,228,5.789640188217163
2335,228,5.864019870758057
2335,228,5.880980730056763
2335,228,5.872584104537964
2335,321,8.551095008850098
2335,321,8.510036706924438
2335,321,8.542770147323608
2335,321,8.520718574523926
2335,321,8.5709707736969
2335,450,15.018364906311035
2335,450,14.463119745254517
2335,450,14.365854024887085
2335,450,14.245992422103882
2335,450,12.453030109405518
2335,631,19.0455584526062
2335,631,18.791038274765015
2335,631,18.834318161010742
2335,631,22.771846771240234
2335,631,22.656559705734253
3359,2,0.08308935165405273
3359,2,0.08291912078857422
3359,2,0.08207559585571289
3359,2,0.08195853233337402
3359,2,0.08395266532897949
3359,2,0.08417463302612305
3359,2,0.08307647705078125
3359,2,0.08376264572143555
3359,2,0.08362174034118652
3359,2,0.08211493492126465
3359,2,0.08350324630737305
3359,2,0.08237504959106445
3359,2,0.08249521255493164
3359,2,0.08194828033447266
3359,2,0.08230471611022949
3359,3,0.12396383285522461
3359,3,0.12332010269165039
3359,3,0.12284326553344727
3359,3,0.12421035766601562
3359,3,0.12378764152526855
3359,4,0.16539263725280762
3359,4,0.16500592231750488
3359,4,0.16487407684326172
3359,4,0.16572999954223633
3359,4,0.16614794731140137
3359,6,0.2517571449279785
3359,6,0.2553744316101074
3359,6,0.25640106201171875
3359,6,0.25662851333618164
3359,6,0.25576186180114746
3359,8,0.3408935070037842
3359,8,0.3415653705596924
3359,8,0.33859944343566895
3359,8,0.34151697158813477
3359,8,0.3387637138366699
3359,11,0.4712700843811035
3359,11,0.46586132049560547
3359,11,0.4815530776977539
3359,11,0.46958231925964355
3359,11,0.4749937057495117
3359,16,0.6624197959899902
3359,16,0.6643078327178955
3359,16,0.6641058921813965
3359,16,0.6629869937896729
3359,16,0.6667075157165527
3359,22,0.9147958755493164
3359,22,0.9184589385986328
3359,22,0.912085771560669
3359,22,0.9144635200500488
3359,22,0.9128861427307129
3359,30,1.2466871738433838
3359,30,1.2624647617340088
3359,30,1.2511861324310303
3359,30,1.2499566078186035
3359,30,1.2444968223571777
3359,42,1.790644884109497
3359,42,1.7987644672393799
3359,42,1.7994215488433838
3359,42,1.7601947784423828
3359,42,1.7573816776275635
3359,59,2.5043914318084717
3359,59,2.573831796646118
3359,59,2.4967904090881348
3359,59,2.5693678855895996
3359,59,2.545598268508911
3359,83,3.7433841228485107
3359,83,3.525590181350708
3359,83,3.6665291786193848
3359,83,3.657963275909424
3359,83,3.6631720066070557
3359,116,5.157223701477051
3359,116,5.075894594192505
3359,116,5.067197799682617
3359,116,5.07447075843811
3359,116,5.130897283554077
3359,163,7.505007028579712
3359,163,7.314016103744507
3359,163,7.349152326583862
3359,163,7.32248592376709
3359,163,7.362546920776367
3359,228,10.33059573173523
3359,228,10.398465633392334
3359,228,10.344464778900146
3359,228,10.374530553817749
3359,228,10.329951763153076
3359,321,15.251736879348755
3359,321,15.130568981170654
3359,321,14.980965375900269
3359,321,15.05007553100586
3359,321,15.077109575271606
3359,450,24.858487129211426
3359,450,25.28514552116394
3359,450,22.37587261199951
3359,450,25.39410638809204
3359,450,22.224485158920288
3359,631,39.1890184879303
3359,631,38.92490553855896
3359,631,38.810962438583374
3359,631,38.621190309524536
3359,631,38.9123420715332
4832,2,0.15291452407836914
4832,2,0.1516108512878418
4832,2,0.15195465087890625
4832,2,0.15178966522216797
4832,2,0.15235280990600586
4832,2,0.15129852294921875
4832,2,0.1508481502532959
4832,2,0.1522998809814453
4832,2,0.15261578559875488
4832,2,0.15234875679016113
4832,2,0.1522970199584961
4832,2,0.15285468101501465
4832,2,0.1526803970336914
4832,2,0.1515941619873047
4832,2,0.1531975269317627
4832,3,0.23192882537841797
4832,3,0.22887253761291504
4832,3,0.2279825210571289
4832,3,0.22819733619689941
4832,3,0.22837042808532715
4832,4,0.30460190773010254
4832,4,0.3050193786621094
4832,4,0.3059248924255371
4832,4,0.3041720390319824
4832,4,0.3053321838378906
4832,6,0.45914459228515625
4832,6,0.45880913734436035
4832,6,0.4584968090057373
4832,6,0.45903682708740234
4832,6,0.4585452079772949
4832,8,0.6098780632019043
4832,8,0.6123554706573486
4832,8,0.6138596534729004
4832,8,0.6102824211120605
4832,8,0.612058162689209
4832,11,0.8381505012512207
4832,11,0.842414140701294
4832,11,0.8609204292297363
4832,11,0.8618783950805664
4832,11,0.8624570369720459
4832,16,1.2582261562347412
4832,16,1.2767772674560547
4832,16,1.225210189819336
4832,16,1.2217237949371338
4832,16,1.222121000289917
4832,22,1.6830337047576904
4832,22,1.6885545253753662
4832,22,1.6813552379608154
4832,22,1.690333604812622
4832,22,1.6834583282470703
4832,30,2.303408145904541
4832,30,2.425734043121338
4832,30,2.3473081588745117
4832,30,2.3015739917755127
4832,30,2.310675621032715
4832,42,3.2577555179595947
4832,42,3.335960626602173
4832,42,3.2528176307678223
4832,42,3.4095547199249268
4832,42,3.280223846435547
4832,59,4.763456344604492
4832,59,4.586978912353516
4832,59,4.7554497718811035
4832,59,4.724387884140015
4832,59,4.75791597366333
4832,83,6.611987590789795
4832,83,6.690872430801392
4832,83,6.6351540088653564
4832,83,6.792396545410156
4832,83,6.672506809234619
4832,116,9.71487021446228
4832,116,9.512848615646362
4832,116,9.469823598861694
4832,116,9.525195837020874
4832,116,9.482147932052612
4832,163,13.51919412612915
4832,163,13.385732173919678
4832,163,13.436428785324097
4832,163,13.436583042144775
4832,163,13.403702735900879
4832,228,19.294090032577515
4832,228,19.06222629547119
4832,228,19.050174236297607
4832,228,18.933151245117188
4832,228,19.17167329788208
4832,321,28.00510001182556
4832,321,28.23469638824463
4832,321,28.154452562332153
4832,321,27.853071451187134
4832,321,27.74108362197876
4832,450,44.652424812316895
4832,450,44.80240750312805
4832,450,43.82629919052124
4832,450,44.18588995933533
4832,450,43.81634783744812
4832,631,62.42950129508972
4832,631,70.67306542396545
4832,631,63.812939405441284
4832,631,71.60469317436218
4832,631,63.59677004814148
6951,2,0.287097692489624
6951,2,0.2865321636199951
6951,2,0.28815627098083496
6951,2,0.28830718994140625
6951,2,0.2854776382446289
6951,2,0.2876129150390625
6951,2,0.2876467704772949
6951,2,0.2861168384552002
6951,2,0.2862682342529297
6951,2,0.2863140106201172
6951,2,0.28743648529052734
6951,2,0.28753042221069336
6951,2,0.287639856338501
6951,2,0.28641724586486816
6951,2,0.286391019821167
6951,3,0.43238401412963867
6951,3,0.4307551383972168
6951,3,0.4312601089477539
6951,3,0.4304494857788086
6951,3,0.42954087257385254
6951,4,0.5736744403839111
6951,4,0.5755407810211182
6951,4,0.5895891189575195
6951,4,0.590076208114624
6951,4,0.5857913494110107
6951,6,0.8701784610748291
6951,6,0.8628666400909424
6951,6,0.8737852573394775
6951,6,0.8662474155426025
6951,6,0.8648972511291504
6951,8,1.150057315826416
6951,8,1.1511259078979492
6951,8,1.1559736728668213
6951,8,1.1570491790771484
6951,8,1.152710199356079
6951,11,1.5842382907867432
6951,11,1.5839972496032715
6951,11,1.583357810974121
6951,11,1.5842299461364746
6951,11,1.5868089199066162
6951,16,2.366837978363037
6951,16,2.367952346801758
6951,16,2.308382034301758
6951,16,2.3027050495147705
6951,16,2.3069229125976562
6951,22,3.4203732013702393
6951,22,3.398502826690674
6951,22,3.4414992332458496
6951,22,3.4331536293029785
6951,22,3.3613061904907227
6951,30,4.343407869338989
6951,30,4.632726430892944
6951,30,4.438178300857544
6951,30,4.727202415466309
6951,30,4.370991230010986
6951,42,6.396204233169556
6951,42,6.512089490890503
6951,42,6.406621217727661
6951,42,6.072078704833984
6951,42,6.482770204544067
6951,59,8.780536413192749
6951,59,8.795888662338257
6951,59,8.829687595367432
6951,59,9.155148267745972
6951,59,8.825133562088013
6951,83,12.90830659866333
6951,83,12.433825969696045
6951,83,12.70985722541809
6951,83,12.59206748008728
6951,83,12.654065608978271
6951,116,17.76140069961548
6951,116,17.769709587097168
6951,116,17.53998303413391
6951,116,17.826643466949463
6951,116,17.492536544799805
6951,163,26.882063388824463
6951,163,25.28065586090088
6951,163,24.854617834091187
6951,163,24.6907057762146
6951,163,24.88447666168213
6951,228,34.861727714538574
6951,228,35.65107440948486
6951,228,35.707751512527466
6951,228,35.6309552192688
6951,228,35.6522159576416
6951,321,51.038817167282104
6951,321,54.15104842185974
6951,321,51.31012439727783
6951,321,54.0281240940094
6951,321,50.96329045295715
6951,450,76.19623351097107
6951,450,80.86159253120422
6951,450,80.44518494606018
6951,450,74.46310877799988
6951,450,74.28853106498718
6951,631,118.1683247089386
6951,631,124.16449689865112
6951,631,117.70639491081238
6951,631,124.22547721862793
6951,631,117.74756503105164
10000,2,0.5550239086151123
10000,2,0.5544703006744385
10000,2,0.5520060062408447
10000,2,0.5537996292114258
10000,2,0.5580518245697021
10000,2,0.5534782409667969
10000,2,0.5520448684692383
10000,2,0.5524036884307861
10000,2,0.5514824390411377
10000,2,0.5522387027740479
10000,2,0.5514860153198242
10000,2,0.552687406539917
10000,2,0.5519452095031738
10000,2,0.5523331165313721
10000,2,0.5517640113830566
10000,3,0.8343536853790283
10000,3,0.8312292098999023
10000,3,0.831251859664917
10000,3,0.8285923004150391
10000,3,0.8337616920471191
10000,4,1.107912540435791
10000,4,1.1082961559295654
10000,4,1.1133935451507568
10000,4,1.1090304851531982
10000,4,1.1117947101593018
10000,6,1.6955630779266357
10000,6,1.7983262538909912
10000,6,1.6737382411956787
10000,6,1.78471040725708
10000,6,1.664454698562622
10000,8,2.2286272048950195
10000,8,2.224562883377075
10000,8,2.2274632453918457
10000,8,2.2221193313598633
10000,8,2.224135160446167
10000,11,3.1103732585906982
10000,11,3.0711922645568848
10000,11,3.0588624477386475
10000,11,3.07938551902771
10000,11,3.055314779281616
10000,16,5.304593563079834
10000,16,4.560197591781616
10000,16,5.290686130523682
10000,16,5.211429119110107
10000,16,5.319595575332642
10000,22,6.5797295570373535
10000,22,7.909321546554565
10000,22,6.663388252258301
10000,22,7.948842763900757
10000,22,6.588233232498169
10000,30,9.04419231414795
10000,30,9.265594720840454
10000,30,9.864182233810425
10000,30,11.338576316833496
10000,30,10.071966171264648
10000,42,12.350433826446533
10000,42,12.657423257827759
10000,42,12.488356351852417
10000,42,12.488149404525757
10000,42,12.447527408599854
10000,59,18.189868450164795
10000,59,16.87897539138794
10000,59,17.02344536781311
10000,59,18.065197467803955
10000,59,17.109296798706055
10000,83,28.231125831604004
10000,83,25.20549988746643
10000,83,28.06979727745056
10000,83,28.117799997329712
10000,83,27.538776397705078
10000,116,41.53405427932739
10000,116,41.950132846832275
10000,116,41.50550103187561
10000,116,43.11245083808899
10000,116,41.42233395576477
10000,163,58.354357957839966
10000,163,55.80439567565918
10000,163,57.071452379226685
10000,163,57.4531033039093
10000,163,56.788878440856934
10000,228,66.95027422904968
10000,228,68.68445706367493
10000,228,67.49627494812012
10000,228,67.69797921180725
10000,228,67.50075054168701
10000,321,97.58436965942383
10000,321,102.37823128700256
10000,321,98.15998387336731
10000,321,97.73245620727539
10000,321,102.128915309906
10000,450,147.1079318523407
10000,450,150.16221046447754
10000,450,150.89752793312073
10000,450,150.09015083312988
10000,450,151.067316532135
10000,631,226.74201345443726
10000,631,227.00449633598328
10000,631,227.47644329071045
10000,631,227.0937397480011
10000,631,226.87528729438782
