n_samples,n_features,time_elapsed_sort,time_elapsed_split
10,2,4.506111145019531e-05,0.0016868114471435547
10,2,2.5272369384765625e-05,0.0008645057678222656
10,2,2.3365020751953125e-05,0.0008440017700195312
10,2,2.1696090698242188e-05,0.0008401870727539062
10,2,3.62396240234375e-05,0.0009195804595947266
10,2,2.384185791015625e-05,0.000985860824584961
10,2,2.384185791015625e-05,0.0008752346038818359
10,2,2.1457672119140625e-05,0.0008337497711181641
10,2,2.1219253540039062e-05,0.0008389949798583984
10,2,2.1457672119140625e-05,0.0008530616760253906
10,2,2.1696090698242188e-05,0.0009002685546875
10,2,2.09808349609375e-05,0.001026153564453125
10,2,2.3365020751953125e-05,0.0008862018585205078
10,2,2.2172927856445312e-05,0.0008232593536376953
10,2,2.1696090698242188e-05,0.0008256435394287109
10,3,2.4557113647460938e-05,0.0013120174407958984
10,3,2.6702880859375e-05,0.0013346672058105469
10,3,2.4557113647460938e-05,0.001224517822265625
10,3,2.4557113647460938e-05,0.0012216567993164062
10,3,2.5033950805664062e-05,0.0012557506561279297
10,4,2.7894973754882812e-05,0.0019257068634033203
10,4,3.3855438232421875e-05,0.0016736984252929688
10,4,2.6464462280273438e-05,0.001766204833984375
10,4,2.765655517578125e-05,0.0016591548919677734
10,4,3.361701965332031e-05,0.0018084049224853516
10,6,4.38690185546875e-05,0.0025637149810791016
10,6,3.7670135498046875e-05,0.002730846405029297
10,6,6.365776062011719e-05,0.002752065658569336
10,6,3.504753112792969e-05,0.002511262893676758
10,6,3.814697265625e-05,0.002652406692504883
10,8,5.125999450683594e-05,0.0036618709564208984
10,8,4.982948303222656e-05,0.003871440887451172
10,8,6.0558319091796875e-05,0.0035643577575683594
10,8,4.1484832763671875e-05,0.0034418106079101562
10,8,4.1484832763671875e-05,0.003407716751098633
10,11,5.2928924560546875e-05,0.0049784183502197266
10,11,5.626678466796875e-05,0.004563093185424805
10,11,5.507469177246094e-05,0.004487276077270508
10,11,8.082389831542969e-05,0.004839420318603516
10,11,5.173683166503906e-05,0.0046994686126708984
10,16,6.532669067382812e-05,0.006685018539428711
10,16,6.67572021484375e-05,0.006224632263183594
10,16,0.00011134147644042969,0.006911516189575195
10,16,7.05718994140625e-05,0.006571292877197266
10,16,6.628036499023438e-05,0.0063283443450927734
10,22,8.106231689453125e-05,0.008866310119628906
10,22,8.130073547363281e-05,0.009235620498657227
10,22,8.058547973632812e-05,0.008804082870483398
10,22,8.130073547363281e-05,0.009007453918457031
10,22,8.130073547363281e-05,0.008870363235473633
10,30,0.00013518333435058594,0.012120485305786133
10,30,0.0001049041748046875,0.012116432189941406
10,30,0.00010275840759277344,0.012713193893432617
10,30,0.00010442733764648438,0.012517690658569336
10,30,0.00011229515075683594,0.012005805969238281
10,42,0.00013947486877441406,0.01767587661743164
10,42,0.00013780593872070312,0.016966581344604492
10,42,0.00013637542724609375,0.016849756240844727
10,42,0.00013971328735351562,0.017431259155273438
10,42,0.00015163421630859375,0.01727437973022461
10,59,0.00018978118896484375,0.023978233337402344
10,59,0.00020742416381835938,0.024852275848388672
10,59,0.00020742416381835938,0.026682138442993164
10,59,0.00020241737365722656,0.024413585662841797
10,59,0.00022482872009277344,0.024483680725097656
10,83,0.0002715587615966797,0.03334236145019531
10,83,0.0002703666687011719,0.03412055969238281
10,83,0.0002484321594238281,0.0330967903137207
10,83,0.0002491474151611328,0.032798051834106445
10,83,0.00025081634521484375,0.03414726257324219
10,116,0.0003533363342285156,0.046826839447021484
10,116,0.0003783702850341797,0.04756617546081543
10,116,0.00034618377685546875,0.04668712615966797
10,116,0.0003743171691894531,0.04668569564819336
10,116,0.0003840923309326172,0.04728269577026367
10,163,0.0006248950958251953,0.06494927406311035
10,163,0.0005388259887695312,0.06648445129394531
10,163,0.0005266666412353516,0.06566023826599121
10,163,0.0004773139953613281,0.06536555290222168
10,163,0.00047397613525390625,0.06568717956542969
10,228,0.0006816387176513672,0.09345579147338867
10,228,0.0006699562072753906,0.09472799301147461
10,228,0.000865936279296875,0.0977625846862793
10,228,0.0007214546203613281,0.09307074546813965
10,228,0.0006539821624755859,0.09569692611694336
10,321,0.0009865760803222656,0.1251659393310547
10,321,0.0009708404541015625,0.12746310234069824
10,321,0.001041412353515625,0.13222837448120117
10,321,0.0009298324584960938,0.13414812088012695
10,321,0.001013040542602539,0.13284683227539062
10,450,0.00135040283203125,0.18655014038085938
10,450,0.0013759136199951172,0.18422794342041016
10,450,0.00133514404296875,0.18603110313415527
10,450,0.0012927055358886719,0.18796181678771973
10,450,0.0013179779052734375,0.18361115455627441
10,631,0.0020160675048828125,0.2563319206237793
10,631,0.001857757568359375,0.25450873374938965
10,631,0.002027273178100586,0.25318431854248047
10,631,0.0018801689147949219,0.2857182025909424
10,631,0.001961946487426758,0.25717759132385254
14,2,3.0279159545898438e-05,0.0026407241821289062
14,2,4.935264587402344e-05,0.002209186553955078
14,2,2.7418136596679688e-05,0.0022008419036865234
14,2,2.8133392333984375e-05,0.0024802684783935547
14,2,3.7670135498046875e-05,0.002390623092651367
14,2,2.4557113647460938e-05,0.002229452133178711
14,2,2.765655517578125e-05,0.002566814422607422
14,2,2.574920654296875e-05,0.002389192581176758
14,2,2.47955322265625e-05,0.0023047924041748047
14,2,2.5510787963867188e-05,0.0025289058685302734
14,2,2.765655517578125e-05,0.002247333526611328
14,2,2.6702880859375e-05,0.0023479461669921875
14,2,2.5510787963867188e-05,0.0022652149200439453
14,2,2.5987625122070312e-05,0.0022003650665283203
14,2,2.574920654296875e-05,0.0021944046020507812
14,3,3.0040740966796875e-05,0.003270387649536133
14,3,2.8371810913085938e-05,0.003261566162109375
14,3,2.8848648071289062e-05,0.0034961700439453125
14,3,3.123283386230469e-05,0.0032663345336914062
14,3,4.315376281738281e-05,0.0032656192779541016
14,4,3.337860107421875e-05,0.004655599594116211
14,4,3.528594970703125e-05,0.004354715347290039
14,4,3.1948089599609375e-05,0.004690408706665039
14,4,3.218650817871094e-05,0.0046198368072509766
14,4,3.24249267578125e-05,0.004385709762573242
14,6,4.744529724121094e-05,0.008038043975830078
14,6,4.792213439941406e-05,0.007627010345458984
14,6,4.5299530029296875e-05,0.007777214050292969
14,6,4.315376281738281e-05,0.007631778717041016
14,6,5.745887756347656e-05,0.007399797439575195
14,8,4.839897155761719e-05,0.010028600692749023
14,8,4.9114227294921875e-05,0.009795188903808594
14,8,4.792213439941406e-05,0.009921789169311523
14,8,4.9114227294921875e-05,0.009760141372680664
14,8,4.9114227294921875e-05,0.009873390197753906
14,11,6.270408630371094e-05,0.013707876205444336
14,11,5.507469177246094e-05,0.013620138168334961
14,11,5.459785461425781e-05,0.013392448425292969
14,11,7.462501525878906e-05,0.013672351837158203
14,11,5.555152893066406e-05,0.012104511260986328
14,16,6.437301635742188e-05,0.018735170364379883
14,16,7.891654968261719e-05,0.01922154426574707
14,16,7.081031799316406e-05,0.01868295669555664
14,16,6.628036499023438e-05,0.018517494201660156
14,16,6.580352783203125e-05,0.017281293869018555
14,22,8.606910705566406e-05,0.024348735809326172
14,22,8.535385131835938e-05,0.024140357971191406
14,22,8.20159912109375e-05,0.024852514266967773
14,22,8.344650268554688e-05,0.024910688400268555
14,22,8.988380432128906e-05,0.02498340606689453
14,30,0.00010848045349121094,0.03473377227783203
14,30,0.00011920928955078125,0.03342390060424805
14,30,0.00010967254638671875,0.03475332260131836
14,30,0.00011873245239257812,0.034055233001708984
14,30,0.00010919570922851562,0.03307652473449707
14,42,0.0001614093780517578,0.04442954063415527
14,42,0.00014400482177734375,0.04667234420776367
14,42,0.00014138221740722656,0.04745817184448242
14,42,0.00013971328735351562,0.04736471176147461
14,42,0.00016164779663085938,0.049250125885009766
14,59,0.000244140625,0.06837916374206543
14,59,0.00024700164794921875,0.06712126731872559
14,59,0.0001938343048095703,0.06594324111938477
14,59,0.00019693374633789062,0.06712722778320312
14,59,0.00019311904907226562,0.06710267066955566
14,83,0.0003046989440917969,0.09389495849609375
14,83,0.0002689361572265625,0.09391260147094727
14,83,0.0002582073211669922,0.09238505363464355
14,83,0.00030732154846191406,0.09145617485046387
14,83,0.00031280517578125,0.09074902534484863
14,116,0.0003676414489746094,0.13071012496948242
14,116,0.00035881996154785156,0.1313631534576416
14,116,0.0004420280456542969,0.13666915893554688
14,116,0.0004487037658691406,0.13448524475097656
14,116,0.0003561973571777344,0.12768983840942383
14,163,0.0005040168762207031,0.18136930465698242
14,163,0.0005552768707275391,0.17899847030639648
14,163,0.0004894733428955078,0.1792311668395996
14,163,0.0005323886871337891,0.1793818473815918
14,163,0.00048279762268066406,0.18481755256652832
14,228,0.0008437633514404297,0.27011799812316895
14,228,0.0007355213165283203,0.25427913665771484
14,228,0.0007390975952148438,0.26067566871643066
14,228,0.0006783008575439453,0.25785088539123535
14,228,0.0007269382476806641,0.25224947929382324
14,321,0.0010600090026855469,0.35734009742736816
14,321,0.001199483871459961,0.3604614734649658
14,321,0.0010266304016113281,0.36096858978271484
14,321,0.000997781753540039,0.3537883758544922
14,321,0.0009315013885498047,0.3630526065826416
14,450,0.001489400863647461,0.4973773956298828
14,450,0.001445770263671875,0.4999980926513672
14,450,0.0013377666473388672,0.4954566955566406
14,450,0.0014834403991699219,0.5099842548370361
14,450,0.0013818740844726562,0.5127079486846924
14,631,0.0019290447235107422,0.7143099308013916
14,631,0.002033233642578125,0.7184219360351562
14,631,0.0018277168273925781,0.7254421710968018
14,631,0.0018360614776611328,0.7349114418029785
14,631,0.002023935317993164,0.7143070697784424
20,2,3.695487976074219e-05,0.004422187805175781
20,2,2.8848648071289062e-05,0.0043947696685791016
20,2,2.7179718017578125e-05,0.004336118698120117
20,2,2.9087066650390625e-05,0.004500865936279297
20,2,4.2438507080078125e-05,0.0041255950927734375
20,2,2.765655517578125e-05,0.004441499710083008
20,2,2.6464462280273438e-05,0.004336118698120117
20,2,2.6941299438476562e-05,0.004548311233520508
20,2,4.601478576660156e-05,0.004341840744018555
20,2,2.765655517578125e-05,0.004501819610595703
20,2,3.814697265625e-05,0.004338979721069336
20,2,2.6702880859375e-05,0.004339456558227539
20,2,2.6702880859375e-05,0.004155874252319336
20,2,2.8371810913085938e-05,0.004493236541748047
20,2,2.7418136596679688e-05,0.004377603530883789
20,3,3.2901763916015625e-05,0.0064182281494140625
20,3,4.4345855712890625e-05,0.006243705749511719
20,3,3.0040740966796875e-05,0.00627899169921875
20,3,3.0279159545898438e-05,0.006524562835693359
20,3,3.075599670410156e-05,0.006435871124267578
20,4,3.314018249511719e-05,0.008631467819213867
20,4,3.528594970703125e-05,0.00865483283996582
20,4,3.337860107421875e-05,0.008495807647705078
20,4,3.337860107421875e-05,0.008548736572265625
20,4,3.314018249511719e-05,0.008417844772338867
20,6,3.838539123535156e-05,0.013072729110717773
20,6,3.886222839355469e-05,0.012946128845214844
20,6,3.695487976074219e-05,0.012930154800415039
20,6,3.743171691894531e-05,0.012850046157836914
20,6,3.814697265625e-05,0.012980222702026367
20,8,4.9591064453125e-05,0.017049074172973633
20,8,4.744529724121094e-05,0.01731586456298828
20,8,4.482269287109375e-05,0.016493797302246094
20,8,4.458427429199219e-05,0.017619609832763672
20,8,4.5299530029296875e-05,0.017458200454711914
20,11,5.4836273193359375e-05,0.024293899536132812
20,11,5.3882598876953125e-05,0.023627519607543945
20,11,6.008148193359375e-05,0.022906064987182617
20,11,5.4836273193359375e-05,0.02435588836669922
20,11,5.91278076171875e-05,0.0240323543548584
20,16,7.414817810058594e-05,0.034615278244018555
20,16,7.796287536621094e-05,0.03514909744262695
20,16,7.271766662597656e-05,0.03488516807556152
20,16,7.152557373046875e-05,0.03423166275024414
20,16,7.319450378417969e-05,0.03529667854309082
20,22,0.0001049041748046875,0.04711580276489258
20,22,0.00010013580322265625,0.0479588508605957
20,22,9.846687316894531e-05,0.047896385192871094
20,22,9.34600830078125e-05,0.04763078689575195
20,22,0.00010704994201660156,0.04670882225036621
20,30,0.00012302398681640625,0.07016324996948242
20,30,0.0001125335693359375,0.06557869911193848
20,30,0.00013637542724609375,0.06494975090026855
20,30,0.0001418590545654297,0.0648045539855957
20,30,0.00013971328735351562,0.0655517578125
20,42,0.0001544952392578125,0.09323310852050781
20,42,0.00017786026000976562,0.09218764305114746
20,42,0.00016999244689941406,0.09831857681274414
20,42,0.00016689300537109375,0.09022879600524902
20,42,0.00015044212341308594,0.08762001991271973
20,59,0.0002200603485107422,0.12523555755615234
20,59,0.00021028518676757812,0.1264328956604004
20,59,0.0002338886260986328,0.12633752822875977
20,59,0.00022363662719726562,0.12883973121643066
20,59,0.0002117156982421875,0.13109350204467773
20,83,0.0002865791320800781,0.17789602279663086
20,83,0.00028395652770996094,0.18071246147155762
20,83,0.0003170967102050781,0.18222451210021973
20,83,0.0003077983856201172,0.17863011360168457
20,83,0.00033020973205566406,0.1778545379638672
20,116,0.0003826618194580078,0.24776697158813477
20,116,0.0004229545593261719,0.2494349479675293
20,116,0.00043392181396484375,0.2512683868408203
20,116,0.0004563331604003906,0.25018954277038574
20,116,0.00038814544677734375,0.2453622817993164
20,163,0.0005462169647216797,0.34736156463623047
20,163,0.000598907470703125,0.35093259811401367
20,163,0.0006291866302490234,0.35383176803588867
20,163,0.0005311965942382812,0.35243678092956543
20,163,0.0005407333374023438,0.3455801010131836
20,228,0.0009000301361083984,0.4892435073852539
20,228,0.0007941722869873047,0.48856306076049805
20,228,0.0007560253143310547,0.4959752559661865
20,228,0.000732421875,0.5015978813171387
20,228,0.0007653236389160156,0.49579739570617676
20,321,0.0011584758758544922,0.7043294906616211
20,321,0.0010273456573486328,0.6957080364227295
20,321,0.0011742115020751953,0.7014029026031494
20,321,0.0010371208190917969,0.6901631355285645
20,321,0.0010476112365722656,0.7101209163665771
20,450,0.0014910697937011719,1.0230700969696045
20,450,0.0015544891357421875,0.9759831428527832
20,450,0.001422882080078125,0.9778294563293457
20,450,0.001444101333618164,0.9870522022247314
20,450,0.0015826225280761719,0.979902982711792
20,631,0.002371549606323242,1.3749425411224365
20,631,0.0023026466369628906,1.3769805431365967
20,631,0.002070903778076172,1.390489101409912
20,631,0.002013683319091797,1.3925089836120605
20,631,0.0021970272064208984,1.3712599277496338
29,2,3.123283386230469e-05,0.007519721984863281
29,2,4.00543212890625e-05,0.007443666458129883
29,2,3.170967102050781e-05,0.007470846176147461
29,2,2.9325485229492188e-05,0.00693964958190918
29,2,2.8133392333984375e-05,0.007398843765258789
29,2,3.0279159545898438e-05,0.007383108139038086
29,2,2.956390380859375e-05,0.007590293884277344
29,2,2.86102294921875e-05,0.0077135562896728516
29,2,2.8133392333984375e-05,0.007050991058349609
29,2,2.8133392333984375e-05,0.00752568244934082
29,2,3.337860107421875e-05,0.0073986053466796875
29,2,2.9087066650390625e-05,0.007781267166137695
29,2,3.0279159545898438e-05,0.007428884506225586
29,2,2.86102294921875e-05,0.00795435905456543
29,2,2.8133392333984375e-05,0.007334232330322266
29,3,3.314018249511719e-05,0.010593175888061523
29,3,3.218650817871094e-05,0.01147770881652832
29,3,3.218650817871094e-05,0.010769128799438477
29,3,3.504753112792969e-05,0.011148691177368164
29,3,3.719329833984375e-05,0.01079869270324707
29,4,3.3855438232421875e-05,0.014929056167602539
29,4,3.838539123535156e-05,0.014577388763427734
29,4,3.600120544433594e-05,0.014742136001586914
29,4,3.552436828613281e-05,0.01468205451965332
29,4,3.5762786865234375e-05,0.014408588409423828
29,6,4.291534423828125e-05,0.02221846580505371
29,6,4.482269287109375e-05,0.02233266830444336
29,6,4.0531158447265625e-05,0.021903276443481445
29,6,4.982948303222656e-05,0.021757125854492188
29,6,4.172325134277344e-05,0.021905183792114258
29,8,5.698204040527344e-05,0.02895665168762207
29,8,4.8160552978515625e-05,0.02921915054321289
29,8,4.649162292480469e-05,0.02866840362548828
29,8,4.7206878662109375e-05,0.028649091720581055
29,8,4.792213439941406e-05,0.029204845428466797
29,11,6.29425048828125e-05,0.04044651985168457
29,11,5.650520324707031e-05,0.04209017753601074
29,11,5.626678466796875e-05,0.040706634521484375
29,11,5.793571472167969e-05,0.039508819580078125
29,11,5.793571472167969e-05,0.039745330810546875
29,16,0.00010323524475097656,0.05923938751220703
29,16,7.510185241699219e-05,0.05729365348815918
29,16,7.605552673339844e-05,0.060369014739990234
29,16,9.703636169433594e-05,0.05866289138793945
29,16,8.249282836914062e-05,0.06377220153808594
29,22,0.00010418891906738281,0.08404183387756348
29,22,0.00010418891906738281,0.0805208683013916
29,22,0.0001010894775390625,0.08155059814453125
29,22,0.00010371208190917969,0.08067655563354492
29,22,0.00010633468627929688,0.08078956604003906
29,30,0.0001556873321533203,0.10779714584350586
29,30,0.00012230873107910156,0.10956192016601562
29,30,0.00013947486877441406,0.11072874069213867
29,30,0.0001232624053955078,0.11542582511901855
29,30,0.00013637542724609375,0.11462926864624023
29,42,0.00016450881958007812,0.15506315231323242
29,42,0.00016450881958007812,0.15449047088623047
29,42,0.00016760826110839844,0.16997075080871582
29,42,0.00018334388732910156,0.15904998779296875
29,42,0.00016355514526367188,0.15973711013793945
29,59,0.00022459030151367188,0.22786545753479004
29,59,0.0002200603485107422,0.22573375701904297
29,59,0.0002713203430175781,0.22362756729125977
29,59,0.00022363662719726562,0.22408485412597656
29,59,0.0002696514129638672,0.21453261375427246
29,83,0.00036525726318359375,0.3132011890411377
29,83,0.00033354759216308594,0.3082149028778076
29,83,0.00030517578125,0.3062765598297119
29,83,0.00033736228942871094,0.30352354049682617
29,83,0.00030422210693359375,0.30419301986694336
29,116,0.0005321502685546875,0.4228940010070801
29,116,0.00041365623474121094,0.4266064167022705
29,116,0.0004596710205078125,0.4300196170806885
29,116,0.0004627704620361328,0.43023180961608887
29,116,0.0005199909210205078,0.43150877952575684
29,163,0.0005953311920166016,0.6057827472686768
29,163,0.0005745887756347656,0.6021435260772705
29,163,0.0006163120269775391,0.6134121417999268
29,163,0.0005714893341064453,0.5974147319793701
29,163,0.0005705356597900391,0.6045258045196533
29,228,0.0010416507720947266,0.8558573722839355
29,228,0.0008299350738525391,0.8422958850860596
29,228,0.0008707046508789062,0.8398776054382324
29,228,0.0010287761688232422,0.8407309055328369
29,228,0.0008156299591064453,0.8341925144195557
29,321,0.0011093616485595703,1.1983704566955566
29,321,0.001165628433227539,1.2195093631744385
29,321,0.0012431144714355469,1.185678243637085
29,321,0.0011088848114013672,1.1880619525909424
29,321,0.001107931137084961,1.1952049732208252
29,450,0.0016870498657226562,1.66800856590271
29,450,0.0015826225280761719,1.679502248764038
29,450,0.0016634464263916016,1.6599981784820557
29,450,0.0017139911651611328,1.67952299118042
29,450,0.001825094223022461,1.676600456237793
29,631,0.002387523651123047,2.38742995262146
29,631,0.002394437789916992,2.3616294860839844
29,631,0.0025463104248046875,2.3613085746765137
29,631,0.002526998519897461,2.365755796432495
29,631,0.0021715164184570312,2.349881172180176
42,2,4.291534423828125e-05,0.011415243148803711
42,2,2.8848648071289062e-05,0.01140737533569336
42,2,3.0040740966796875e-05,0.011608362197875977
42,2,3.0040740966796875e-05,0.011758565902709961
42,2,3.0279159545898438e-05,0.01155543327331543
42,2,2.9802322387695312e-05,0.011344194412231445
42,2,3.0040740966796875e-05,0.01122140884399414
42,2,2.9325485229492188e-05,0.011699438095092773
42,2,2.86102294921875e-05,0.01173090934753418
42,2,3.147125244140625e-05,0.011600255966186523
42,2,3.337860107421875e-05,0.011461734771728516
42,2,3.0040740966796875e-05,0.011298418045043945
42,2,2.9325485229492188e-05,0.011425256729125977
42,2,3.0279159545898438e-05,0.01147150993347168
42,2,3.62396240234375e-05,0.011877298355102539
42,3,3.743171691894531e-05,0.018003225326538086
42,3,3.814697265625e-05,0.017502307891845703
42,3,3.170967102050781e-05,0.017523527145385742
42,3,3.457069396972656e-05,0.018148422241210938
42,3,3.147125244140625e-05,0.018550395965576172
42,4,3.6716461181640625e-05,0.022628068923950195
42,4,3.62396240234375e-05,0.024329185485839844
42,4,3.62396240234375e-05,0.024289369583129883
42,4,3.814697265625e-05,0.02339458465576172
42,4,3.719329833984375e-05,0.022810935974121094
42,6,4.4345855712890625e-05,0.03486824035644531
42,6,4.410743713378906e-05,0.03449416160583496
42,6,4.315376281738281e-05,0.03533291816711426
42,6,4.458427429199219e-05,0.035269975662231445
42,6,4.839897155761719e-05,0.03469228744506836
42,8,5.745887756347656e-05,0.04807686805725098
42,8,5.626678466796875e-05,0.04870343208312988
42,8,5.125999450683594e-05,0.04752850532531738
42,8,5.245208740234375e-05,0.04744577407836914
42,8,5.7220458984375e-05,0.0469517707824707
42,11,6.961822509765625e-05,0.06345915794372559
42,11,6.341934204101562e-05,0.0646064281463623
42,11,6.175041198730469e-05,0.06472945213317871
42,11,6.914138793945312e-05,0.06528186798095703
42,11,6.413459777832031e-05,0.06419062614440918
42,16,9.083747863769531e-05,0.09389805793762207
42,16,9.274482727050781e-05,0.09686851501464844
42,16,9.322166442871094e-05,0.0953528881072998
42,16,8.440017700195312e-05,0.09528756141662598
42,16,8.368492126464844e-05,0.09440827369689941
42,22,0.0001087188720703125,0.1311206817626953
42,22,0.00012350082397460938,0.1284923553466797
42,22,0.00011706352233886719,0.12695074081420898
42,22,0.00010943412780761719,0.1291954517364502
42,22,0.00010704994201660156,0.12733745574951172
42,30,0.0001399517059326172,0.18488478660583496
42,30,0.0001628398895263672,0.17667150497436523
42,30,0.00013828277587890625,0.17665553092956543
42,30,0.0001392364501953125,0.17664003372192383
42,30,0.00016760826110839844,0.17296576499938965
42,42,0.00019049644470214844,0.24291276931762695
42,42,0.0002155303955078125,0.26130008697509766
42,42,0.00022935867309570312,0.24944090843200684
42,42,0.0001995563507080078,0.24957990646362305
42,42,0.00018286705017089844,0.25307393074035645
42,59,0.0002586841583251953,0.33930087089538574
42,59,0.0002560615539550781,0.35818028450012207
42,59,0.00031876564025878906,0.3471391201019287
42,59,0.0002815723419189453,0.3486499786376953
42,59,0.00030112266540527344,0.3462386131286621
42,83,0.00034999847412109375,0.4907712936401367
42,83,0.00034880638122558594,0.48993492126464844
42,83,0.00037026405334472656,0.48786258697509766
42,83,0.00034165382385253906,0.48387694358825684
42,83,0.0003848075866699219,0.4878849983215332
42,116,0.0006165504455566406,0.7011480331420898
42,116,0.0004661083221435547,0.6945903301239014
42,116,0.0004687309265136719,0.678607702255249
42,116,0.0005123615264892578,0.6847789287567139
42,116,0.0005786418914794922,0.6804895401000977
42,163,0.0006723403930664062,0.9567112922668457
42,163,0.0007145404815673828,0.9629738330841064
42,163,0.0006430149078369141,0.970151424407959
42,163,0.0007679462432861328,0.9653351306915283
42,163,0.0007388591766357422,0.9731407165527344
42,228,0.0009920597076416016,1.3690149784088135
42,228,0.0010111331939697266,1.345869541168213
42,228,0.0009632110595703125,1.3458366394042969
42,228,0.0009095668792724609,1.3456251621246338
42,228,0.0010776519775390625,1.331113338470459
42,321,0.0014150142669677734,1.8820927143096924
42,321,0.0013668537139892578,1.8796262741088867
42,321,0.001275777816772461,1.889559030532837
42,321,0.0013980865478515625,1.8968567848205566
42,321,0.0012857913970947266,1.9245645999908447
42,450,0.0022706985473632812,2.6743040084838867
42,450,0.0018377304077148438,2.633544683456421
42,450,0.0022308826446533203,2.656590700149536
42,450,0.0019495487213134766,2.663217067718506
42,450,0.0017414093017578125,2.6608357429504395
42,631,0.0030372142791748047,3.765570878982544
42,631,0.0025949478149414062,3.7195749282836914
42,631,0.002668619155883789,3.7098069190979004
42,631,0.0024983882904052734,3.7531306743621826
42,631,0.0030515193939208984,3.776160717010498
61,2,0.00014734268188476562,0.017998695373535156
61,2,3.24249267578125e-05,0.018764734268188477
61,2,3.0994415283203125e-05,0.01845526695251465
61,2,3.075599670410156e-05,0.017993688583374023
61,2,2.956390380859375e-05,0.018270015716552734
61,2,3.075599670410156e-05,0.01797342300415039
61,2,3.4332275390625e-05,0.018218278884887695
61,2,2.9087066650390625e-05,0.017522573471069336
61,2,2.956390380859375e-05,0.017976045608520508
61,2,3.075599670410156e-05,0.017711400985717773
61,2,2.9802322387695312e-05,0.01768660545349121
61,2,4.0531158447265625e-05,0.01760387420654297
61,2,3.075599670410156e-05,0.01748490333557129
61,2,3.24249267578125e-05,0.01801753044128418
61,2,3.075599670410156e-05,0.017045021057128906
61,3,3.504753112792969e-05,0.027606487274169922
61,3,3.62396240234375e-05,0.027546167373657227
61,3,3.933906555175781e-05,0.026907682418823242
61,3,3.600120544433594e-05,0.02639150619506836
61,3,3.4809112548828125e-05,0.029664278030395508
61,4,4.029273986816406e-05,0.0364990234375
61,4,3.933906555175781e-05,0.03744816780090332
61,4,3.933906555175781e-05,0.03612041473388672
61,4,4.00543212890625e-05,0.03609728813171387
61,4,4.0531158447265625e-05,0.03645038604736328
61,6,5.0067901611328125e-05,0.05340099334716797
61,6,4.9114227294921875e-05,0.05414223670959473
61,6,5.0067901611328125e-05,0.05370831489562988
61,6,4.8160552978515625e-05,0.05580401420593262
61,6,5.269050598144531e-05,0.0532832145690918
61,8,6.437301635742188e-05,0.07271170616149902
61,8,5.888938903808594e-05,0.07278847694396973
61,8,5.936622619628906e-05,0.0741114616394043
61,8,7.176399230957031e-05,0.07657957077026367
61,8,6.890296936035156e-05,0.07474589347839355
61,11,7.271766662597656e-05,0.09848189353942871
61,11,7.963180541992188e-05,0.1013026237487793
61,11,7.987022399902344e-05,0.10058999061584473
61,11,9.441375732421875e-05,0.09929466247558594
61,11,7.82012939453125e-05,0.10095787048339844
61,16,0.00010919570922851562,0.14408445358276367
61,16,0.00011372566223144531,0.1455378532409668
61,16,0.00012421607971191406,0.14451098442077637
61,16,0.00010752677917480469,0.14642095565795898
61,16,9.632110595703125e-05,0.1465158462524414
61,22,0.0001385211944580078,0.19895076751708984
61,22,0.0001518726348876953,0.20061779022216797
61,22,0.00013780593872070312,0.19394278526306152
61,22,0.0001227855682373047,0.19978976249694824
61,22,0.0001251697540283203,0.1992659568786621
61,30,0.00016045570373535156,0.2701423168182373
61,30,0.00016808509826660156,0.2695596218109131
61,30,0.00018405914306640625,0.2732532024383545
61,30,0.00016307830810546875,0.2732419967651367
61,30,0.00016069412231445312,0.2819559574127197
61,42,0.00023674964904785156,0.3881247043609619
61,42,0.0002143383026123047,0.38175272941589355
61,42,0.000217437744140625,0.3821380138397217
61,42,0.0002446174621582031,0.3845944404602051
61,42,0.0002346038818359375,0.3802785873413086
61,59,0.00034046173095703125,0.5390868186950684
61,59,0.000370025634765625,0.5438823699951172
61,59,0.00029206275939941406,0.5312550067901611
61,59,0.00029349327087402344,0.5416717529296875
61,59,0.0002923011779785156,0.5525901317596436
61,83,0.0005125999450683594,0.7832663059234619
61,83,0.00040459632873535156,0.7608370780944824
61,83,0.0005068778991699219,0.7710170745849609
61,83,0.00048804283142089844,0.7457983493804932
61,83,0.0004611015319824219,0.7507874965667725
61,116,0.0005776882171630859,1.0493123531341553
61,116,0.0005548000335693359,1.0501461029052734
61,116,0.0005621910095214844,1.0537779331207275
61,116,0.0006716251373291016,1.0378570556640625
61,116,0.0005638599395751953,1.0401155948638916
61,163,0.0008311271667480469,1.4657840728759766
61,163,0.0007765293121337891,1.472898006439209
61,163,0.0008027553558349609,1.5034174919128418
61,163,0.0007815361022949219,1.4976062774658203
61,163,0.0009510517120361328,1.498321294784546
61,228,0.0012462139129638672,2.073441505432129
61,228,0.0010800361633300781,2.0756447315216064
61,228,0.0011756420135498047,2.087416172027588
61,228,0.0011458396911621094,2.064711809158325
61,228,0.0010793209075927734,2.0957393646240234
61,321,0.0017750263214111328,2.9704530239105225
61,321,0.0015575885772705078,2.888099431991577
61,321,0.0015077590942382812,2.8686397075653076
61,321,0.001514434814453125,2.927628755569458
61,321,0.0015947818756103516,2.8963143825531006
61,450,0.0023698806762695312,4.1418890953063965
61,450,0.0021708011627197266,4.10258936882019
61,450,0.002323150634765625,4.075652360916138
61,450,0.002358675003051758,4.105913400650024
61,450,0.0023059844970703125,4.118391752243042
61,631,0.0036468505859375,5.857349395751953
61,631,0.0030350685119628906,5.701647520065308
61,631,0.003658771514892578,5.618936777114868
61,631,0.003031015396118164,5.583117961883545
61,631,0.0031871795654296875,5.655174016952515
88,2,0.00017404556274414062,0.026320695877075195
88,2,3.1948089599609375e-05,0.026568174362182617
88,2,3.409385681152344e-05,0.02707672119140625
88,2,3.266334533691406e-05,0.026416301727294922
88,2,3.0994415283203125e-05,0.02658867835998535
88,2,3.2901763916015625e-05,0.02632594108581543
88,2,3.123283386230469e-05,0.026734352111816406
88,2,3.123283386230469e-05,0.027195215225219727
88,2,3.266334533691406e-05,0.02611088752746582
88,2,3.218650817871094e-05,0.02658367156982422
88,2,3.504753112792969e-05,0.027116060256958008
88,2,3.075599670410156e-05,0.026935577392578125
88,2,3.743171691894531e-05,0.026470422744750977
88,2,3.147125244140625e-05,0.02644181251525879
88,2,3.1948089599609375e-05,0.026514291763305664
88,3,5.53131103515625e-05,0.039426565170288086
88,3,4.267692565917969e-05,0.03929615020751953
88,3,3.814697265625e-05,0.03911161422729492
88,3,4.220008850097656e-05,0.03879189491271973
88,3,3.790855407714844e-05,0.03886985778808594
88,4,4.506111145019531e-05,0.05213212966918945
88,4,4.482269287109375e-05,0.05351853370666504
88,4,4.363059997558594e-05,0.05292654037475586
88,4,4.2438507080078125e-05,0.052469491958618164
88,4,4.363059997558594e-05,0.0526423454284668
88,6,6.628036499023438e-05,0.08003735542297363
88,6,5.6743621826171875e-05,0.08067440986633301
88,6,5.4836273193359375e-05,0.0796973705291748
88,6,5.412101745605469e-05,0.07946276664733887
88,6,6.389617919921875e-05,0.07926106452941895
88,8,7.581710815429688e-05,0.10541820526123047
88,8,9.1552734375e-05,0.10560131072998047
88,8,6.67572021484375e-05,0.10389399528503418
88,8,6.580352783203125e-05,0.10390639305114746
88,8,6.723403930664062e-05,0.10438323020935059
88,11,0.00011014938354492188,0.14330291748046875
88,11,8.273124694824219e-05,0.14493131637573242
88,11,9.274482727050781e-05,0.14378571510314941
88,11,0.00010824203491210938,0.14364075660705566
88,11,8.106231689453125e-05,0.13976287841796875
88,16,0.0001220703125,0.21157264709472656
88,16,0.00011086463928222656,0.21117615699768066
88,16,0.00010967254638671875,0.2104508876800537
88,16,0.00011444091796875,0.2170872688293457
88,16,0.00012564659118652344,0.2068798542022705
88,22,0.0002033710479736328,0.28734564781188965
88,22,0.00016355514526367188,0.2899007797241211
88,22,0.0001575946807861328,0.2895660400390625
88,22,0.00016307830810546875,0.2912485599517822
88,22,0.0001494884490966797,0.2904541492462158
88,30,0.0001876354217529297,0.39336609840393066
88,30,0.0002014636993408203,0.3896360397338867
88,30,0.00021886825561523438,0.3947927951812744
88,30,0.00020241737365722656,0.38987255096435547
88,30,0.00023674964904785156,0.3933873176574707
88,42,0.00028777122497558594,0.5465435981750488
88,42,0.00026607513427734375,0.5553557872772217
88,42,0.0002849102020263672,0.5499706268310547
88,42,0.0002944469451904297,0.5539405345916748
88,42,0.00026345252990722656,0.5576827526092529
88,59,0.0004668235778808594,0.7792384624481201
88,59,0.00040793418884277344,0.7802901268005371
88,59,0.0003657341003417969,0.7891459465026855
88,59,0.0003643035888671875,0.7785928249359131
88,59,0.00037860870361328125,0.7807040214538574
88,83,0.0004832744598388672,1.092505693435669
88,83,0.0005490779876708984,1.104745864868164
88,83,0.0005059242248535156,1.1078879833221436
88,83,0.0005278587341308594,1.1053924560546875
88,83,0.0004961490631103516,1.1048917770385742
88,116,0.0008075237274169922,1.5487079620361328
88,116,0.0006873607635498047,1.532745122909546
88,116,0.0007436275482177734,1.5407962799072266
88,116,0.0007050037384033203,1.5452191829681396
88,116,0.000690460205078125,1.5354077816009521
88,163,0.0010924339294433594,2.170884370803833
88,163,0.0012154579162597656,2.1574485301971436
88,163,0.0009758472442626953,2.1442677974700928
88,163,0.0009708404541015625,2.135740280151367
88,163,0.001079559326171875,2.1653976440429688
88,228,0.0014410018920898438,3.025012731552124
88,228,0.0013501644134521484,2.9692132472991943
88,228,0.0013267993927001953,3.0118675231933594
88,228,0.0013480186462402344,2.9933955669403076
88,228,0.0012888908386230469,2.978942632675171
88,321,0.0022153854370117188,4.279161214828491
88,321,0.0018625259399414062,4.269219160079956
88,321,0.0018718242645263672,4.2329933643341064
88,321,0.001825571060180664,4.2631683349609375
88,321,0.0018291473388671875,4.247055768966675
88,450,0.002996206283569336,5.987565994262695
88,450,0.0025365352630615234,5.906628608703613
88,450,0.0030694007873535156,5.975985527038574
88,450,0.0025577545166015625,5.9771647453308105
88,450,0.0026226043701171875,5.998912811279297
88,631,0.004069805145263672,8.396556377410889
88,631,0.0038251876831054688,8.398827075958252
88,631,0.0036172866821289062,8.450071573257446
88,631,0.0036301612854003906,8.476204872131348
88,631,0.004257917404174805,8.34628701210022
127,2,0.000225067138671875,0.03939318656921387
127,2,3.6716461181640625e-05,0.038107872009277344
127,2,3.910064697265625e-05,0.03860211372375488
127,2,4.673004150390625e-05,0.04007315635681152
127,2,4.076957702636719e-05,0.03780508041381836
127,2,5.0067901611328125e-05,0.03970956802368164
127,2,4.220008850097656e-05,0.0402987003326416
127,2,5.412101745605469e-05,0.0404360294342041
127,2,3.6716461181640625e-05,0.039337158203125
127,2,3.695487976074219e-05,0.039412498474121094
127,2,3.62396240234375e-05,0.03860735893249512
127,2,3.5762786865234375e-05,0.03905463218688965
127,2,3.743171691894531e-05,0.03886723518371582
127,2,3.647804260253906e-05,0.03960084915161133
127,2,4.00543212890625e-05,0.039475440979003906
127,3,6.461143493652344e-05,0.05847954750061035
127,3,4.315376281738281e-05,0.06010723114013672
127,3,5.1021575927734375e-05,0.05893969535827637
127,3,5.745887756347656e-05,0.05817580223083496
127,3,5.7220458984375e-05,0.05928802490234375
127,4,7.295608520507812e-05,0.07800173759460449
127,4,5.125999450683594e-05,0.07782292366027832
127,4,7.033348083496094e-05,0.08200526237487793
127,4,6.914138793945312e-05,0.07785272598266602
127,4,5.984306335449219e-05,0.07781076431274414
127,6,7.748603820800781e-05,0.1176614761352539
127,6,6.628036499023438e-05,0.11630368232727051
127,6,6.723403930664062e-05,0.1183931827545166
127,6,7.319450378417969e-05,0.1183769702911377
127,6,9.655952453613281e-05,0.11850094795227051
127,8,0.00011730194091796875,0.1577587127685547
127,8,7.939338684082031e-05,0.15552616119384766
127,8,9.608268737792969e-05,0.16677594184875488
127,8,9.393692016601562e-05,0.15801644325256348
127,8,9.5367431640625e-05,0.15769433975219727
127,11,0.00012993812561035156,0.21843481063842773
127,11,0.00013899803161621094,0.21750307083129883
127,11,0.00012183189392089844,0.21695446968078613
127,11,0.0001270771026611328,0.21521377563476562
127,11,0.0001201629638671875,0.20641183853149414
127,16,0.0001544952392578125,0.301558256149292
127,16,0.00013947486877441406,0.3183119297027588
127,16,0.0001697540283203125,0.3139820098876953
127,16,0.0001990795135498047,0.3131229877471924
127,16,0.00014591217041015625,0.3077869415283203
127,22,0.0002856254577636719,0.4293327331542969
127,22,0.00021648406982421875,0.43983030319213867
127,22,0.0002505779266357422,0.4277477264404297
127,22,0.00018644332885742188,0.43222594261169434
127,22,0.00022459030151367188,0.430466890335083
127,30,0.0003421306610107422,0.5830225944519043
127,30,0.00024366378784179688,0.5854933261871338
127,30,0.0002846717834472656,0.5696935653686523
127,30,0.0002532005310058594,0.5892083644866943
127,30,0.00024127960205078125,0.5849325656890869
127,42,0.0003333091735839844,0.8949124813079834
127,42,0.00033593177795410156,0.8750033378601074
127,42,0.00040984153747558594,0.8291299343109131
127,42,0.0004508495330810547,0.8389358520507812
127,42,0.0004611015319824219,0.8101394176483154
127,59,0.0005052089691162109,1.1434926986694336
127,59,0.0005204677581787109,1.162083625793457
127,59,0.0004470348358154297,1.1509528160095215
127,59,0.0005545616149902344,1.1425914764404297
127,59,0.00047016143798828125,1.1386425495147705
127,83,0.0006716251373291016,1.6155200004577637
127,83,0.0006856918334960938,1.6504285335540771
127,83,0.0006914138793945312,1.6266376972198486
127,83,0.0006382465362548828,1.6124277114868164
127,83,0.0006353855133056641,1.6257927417755127
127,116,0.0010190010070800781,2.2539825439453125
127,116,0.0008752346038818359,2.3006370067596436
127,116,0.0008971691131591797,2.2598578929901123
127,116,0.0009829998016357422,2.2787868976593018
127,116,0.0010361671447753906,2.2079336643218994
127,163,0.0013167858123779297,3.191131353378296
127,163,0.0012273788452148438,3.154848337173462
127,163,0.0013399124145507812,3.215238094329834
127,163,0.0013821125030517578,3.2142772674560547
127,163,0.0012061595916748047,3.215118408203125
127,228,0.0020182132720947266,4.47900390625
127,228,0.0017976760864257812,4.553046941757202
127,228,0.0017888545989990234,4.475888252258301
127,228,0.0016858577728271484,4.495830535888672
127,228,0.0016887187957763672,4.545492649078369
127,321,0.0027756690979003906,6.3738322257995605
127,321,0.00238037109375,6.369523763656616
127,321,0.002443075180053711,6.338857889175415
127,321,0.0026068687438964844,6.344338893890381
127,321,0.002331972122192383,6.349217653274536
127,450,0.0038449764251708984,8.916263818740845
127,450,0.004018068313598633,8.850184440612793
127,450,0.0033311843872070312,8.961233377456665
127,450,0.003947734832763672,8.90971064567566
127,450,0.0035974979400634766,8.842732191085815
127,631,0.005376577377319336,12.503900289535522
127,631,0.0054302215576171875,12.408121347427368
127,631,0.005243062973022461,12.531706809997559
127,631,0.004893064498901367,12.387423992156982
127,631,0.005150318145751953,12.486979246139526
183,2,0.00031828880310058594,0.05656623840332031
183,2,5.507469177246094e-05,0.056896209716796875
183,2,4.124641418457031e-05,0.05710792541503906
183,2,5.030632019042969e-05,0.05842256546020508
183,2,5.054473876953125e-05,0.05866599082946777
183,2,6.341934204101562e-05,0.05653047561645508
183,2,6.198883056640625e-05,0.058332204818725586
183,2,4.887580871582031e-05,0.0582273006439209
183,2,4.076957702636719e-05,0.058732032775878906
183,2,4.9114227294921875e-05,0.05828499794006348
183,2,4.8160552978515625e-05,0.05748605728149414
183,2,5.054473876953125e-05,0.05815243721008301
183,2,4.935264587402344e-05,0.05812358856201172
183,2,5.698204040527344e-05,0.058402299880981445
183,2,5.698204040527344e-05,0.058683156967163086
183,3,6.151199340820312e-05,0.08678722381591797
183,3,6.079673767089844e-05,0.08635544776916504
183,3,7.772445678710938e-05,0.08648562431335449
183,3,7.081031799316406e-05,0.0859994888305664
183,3,6.0558319091796875e-05,0.08623147010803223
183,4,7.510185241699219e-05,0.11590719223022461
183,4,7.295608520507812e-05,0.11587214469909668
183,4,7.43865966796875e-05,0.11739826202392578
183,4,8.344650268554688e-05,0.11469316482543945
183,4,8.392333984375e-05,0.11478471755981445
183,6,9.846687316894531e-05,0.17164945602416992
183,6,9.751319885253906e-05,0.17029118537902832
183,6,0.00014734268188476562,0.1746206283569336
183,6,0.00013709068298339844,0.17267823219299316
183,6,0.00013017654418945312,0.17314696311950684
183,8,0.00012254714965820312,0.23282361030578613
183,8,0.0001621246337890625,0.23117947578430176
183,8,0.0001232624053955078,0.23521828651428223
183,8,0.00012826919555664062,0.2293837070465088
183,8,0.00014209747314453125,0.23100972175598145
183,11,0.00018310546875,0.32227206230163574
183,11,0.0001862049102783203,0.316464900970459
183,11,0.00015854835510253906,0.31653785705566406
183,11,0.00017023086547851562,0.31746459007263184
183,11,0.00018262863159179688,0.3209247589111328
183,16,0.00029087066650390625,0.4614555835723877
183,16,0.0002551078796386719,0.4584639072418213
183,16,0.00021958351135253906,0.453369140625
183,16,0.00022840499877929688,0.4598674774169922
183,16,0.0002200603485107422,0.46073102951049805
183,22,0.00025272369384765625,0.6331098079681396
183,22,0.00029206275939941406,0.644827127456665
183,22,0.0003445148468017578,0.6325275897979736
183,22,0.000293731689453125,0.6406691074371338
183,22,0.0003075599670410156,0.6414721012115479
183,30,0.0003921985626220703,0.869300365447998
183,30,0.0003826618194580078,0.8416163921356201
183,30,0.0003314018249511719,0.8161487579345703
183,30,0.0003275871276855469,0.858832836151123
183,30,0.00044989585876464844,0.8665974140167236
183,42,0.00055694580078125,1.2127768993377686
183,42,0.0005953311920166016,1.1986644268035889
183,42,0.0005865097045898438,1.1978929042816162
183,42,0.0005652904510498047,1.2093911170959473
183,42,0.0006089210510253906,1.2331359386444092
183,59,0.0008213520050048828,1.6967194080352783
183,59,0.0007083415985107422,1.7240257263183594
183,59,0.0007135868072509766,1.6838159561157227
183,59,0.0006968975067138672,1.692455530166626
183,59,0.0006937980651855469,1.6933908462524414
183,83,0.0009877681732177734,2.378387928009033
183,83,0.0009598731994628906,2.375072956085205
183,83,0.0009636878967285156,2.361187696456909
183,83,0.0009427070617675781,2.3613784313201904
183,83,0.0008819103240966797,2.3721394538879395
183,116,0.0014960765838623047,3.359581232070923
183,116,0.0013360977172851562,3.282447338104248
183,116,0.0011968612670898438,3.324038505554199
183,116,0.0013055801391601562,3.3571603298187256
183,116,0.0012993812561035156,3.3626556396484375
183,163,0.0017757415771484375,4.7201011180877686
183,163,0.0016798973083496094,4.716310262680054
183,163,0.0017604827880859375,4.700970888137817
183,163,0.0017023086547851562,4.739749431610107
183,163,0.0017426013946533203,4.735235691070557
183,228,0.002681732177734375,6.6595587730407715
183,228,0.002386331558227539,6.615196943283081
183,228,0.0023849010467529297,6.586076498031616
183,228,0.0023925304412841797,6.58851957321167
183,228,0.002374887466430664,6.592352390289307
183,321,0.003779172897338867,9.256198644638062
183,321,0.0035400390625,9.37893533706665
183,321,0.00399017333984375,9.2846519947052
183,321,0.0038170814514160156,9.37070631980896
183,321,0.0032851696014404297,9.2724449634552
183,450,0.005350351333618164,13.15273928642273
183,450,0.00461888313293457,13.166268587112427
183,450,0.005536556243896484,13.196743488311768
183,450,0.004897117614746094,13.26615858078003
183,450,0.005029916763305664,13.170317888259888
183,631,0.00729680061340332,18.690784692764282
183,631,0.007038593292236328,18.542682647705078
183,631,0.007025003433227539,18.645934343338013
183,631,0.007132053375244141,18.563082456588745
183,631,0.00644230842590332,18.312599658966064
263,2,0.0004534721374511719,0.08383321762084961
263,2,8.368492126464844e-05,0.08379077911376953
263,2,5.245208740234375e-05,0.08661580085754395
263,2,5.936622619628906e-05,0.08514595031738281
263,2,5.841255187988281e-05,0.0818181037902832
263,2,7.605552673339844e-05,0.08183956146240234
263,2,5.9604644775390625e-05,0.08244776725769043
263,2,7.05718994140625e-05,0.08425712585449219
263,2,5.841255187988281e-05,0.08412003517150879
263,2,5.0067901611328125e-05,0.08084392547607422
263,2,7.653236389160156e-05,0.08366751670837402
263,2,5.888938903808594e-05,0.0839691162109375
263,2,6.890296936035156e-05,0.08585810661315918
263,2,7.104873657226562e-05,0.08426403999328613
263,2,6.747245788574219e-05,0.08427953720092773
263,3,6.67572021484375e-05,0.12824153900146484
263,3,8.821487426757812e-05,0.12640023231506348
263,3,7.581710815429688e-05,0.129777193069458
263,3,7.486343383789062e-05,0.1257801055908203
263,3,7.510185241699219e-05,0.12750554084777832
263,4,0.00012302398681640625,0.17525029182434082
263,4,9.489059448242188e-05,0.1686873435974121
263,4,0.00011277198791503906,0.1730515956878662
263,4,0.00010704994201660156,0.17317557334899902
263,4,8.058547973632812e-05,0.1678764820098877
263,6,0.0001347064971923828,0.2555108070373535
263,6,0.00012946128845214844,0.254565954208374
263,6,0.00012683868408203125,0.25551581382751465
263,6,0.00010967254638671875,0.2500464916229248
263,6,0.00010848045349121094,0.25036072731018066
263,8,0.00017261505126953125,0.3363649845123291
263,8,0.00013899803161621094,0.3386499881744385
263,8,0.0001633167266845703,0.34752750396728516
263,8,0.00017786026000976562,0.3329465389251709
263,8,0.00016045570373535156,0.33290982246398926
263,11,0.00026416778564453125,0.4717721939086914
263,11,0.0002090930938720703,0.4739258289337158
263,11,0.00017952919006347656,0.47206687927246094
263,11,0.0001926422119140625,0.4618208408355713
263,11,0.0002079010009765625,0.45792293548583984
263,16,0.0002770423889160156,0.6775407791137695
263,16,0.0003681182861328125,0.6689901351928711
263,16,0.00025272369384765625,0.6814172267913818
263,16,0.0003452301025390625,0.6744050979614258
263,16,0.0002536773681640625,0.6751894950866699
263,22,0.0003941059112548828,0.9654428958892822
263,22,0.0005247592926025391,1.007047414779663
263,22,0.0003399848937988281,0.9456143379211426
263,22,0.00039958953857421875,0.9289710521697998
263,22,0.0004711151123046875,0.9359307289123535
263,30,0.0005819797515869141,1.2867345809936523
263,30,0.00044918060302734375,1.255997896194458
263,30,0.0006957054138183594,1.2789292335510254
263,30,0.0004546642303466797,1.2623674869537354
263,30,0.0005300045013427734,1.2799344062805176
263,42,0.0008037090301513672,1.7728497982025146
263,42,0.0008246898651123047,1.775869369506836
263,42,0.0007102489471435547,1.7523207664489746
263,42,0.0007135868072509766,1.7364473342895508
263,42,0.0007100105285644531,1.7889657020568848
263,59,0.0010955333709716797,2.4845330715179443
263,59,0.0009891986846923828,2.462578773498535
263,59,0.0008540153503417969,2.472097635269165
263,59,0.0009315013885498047,2.497924566268921
263,59,0.0009927749633789062,2.489583730697632
263,83,0.0013279914855957031,3.5134034156799316
263,83,0.0012667179107666016,3.5018584728240967
263,83,0.0012667179107666016,3.515401601791382
263,83,0.0012562274932861328,3.5102620124816895
263,83,0.0012717247009277344,3.524912118911743
263,116,0.001828908920288086,4.923812627792358
263,116,0.0018122196197509766,4.932258605957031
263,116,0.0017473697662353516,5.234424591064453
263,116,0.0017321109771728516,5.035603284835815
263,116,0.0017752647399902344,5.1139702796936035
263,163,0.002377033233642578,7.197190284729004
263,163,0.0024280548095703125,6.982000827789307
263,163,0.002355337142944336,7.001810073852539
263,163,0.0023467540740966797,6.93290638923645
263,163,0.0023789405822753906,6.992384910583496
263,228,0.0038132667541503906,9.79574728012085
263,228,0.00335693359375,9.71656608581543
263,228,0.0035088062286376953,9.858638525009155
263,228,0.0033223628997802734,9.757381677627563
263,228,0.0034666061401367188,9.715061664581299
263,321,0.004910469055175781,13.722937822341919
263,321,0.004850625991821289,13.670825242996216
263,321,0.004995822906494141,13.700377702713013
263,321,0.004477977752685547,13.67790961265564
263,321,0.0046100616455078125,13.613365173339844
263,450,0.00771641731262207,19.298062324523926
263,450,0.0070269107818603516,19.34013056755066
263,450,0.0067365169525146484,19.05101752281189
263,450,0.006900787353515625,19.080328702926636
263,450,0.0073010921478271484,19.289488315582275
263,631,0.010239839553833008,27.066359996795654
263,631,0.010390281677246094,26.75012755393982
263,631,0.009877443313598633,26.991817235946655
263,631,0.00932931900024414,27.014768362045288
263,631,0.009805679321289062,26.954710006713867
379,2,0.0004203319549560547,0.12552642822265625
379,2,6.580352783203125e-05,0.12459921836853027
379,2,6.604194641113281e-05,0.11915183067321777
379,2,7.176399230957031e-05,0.12720084190368652
379,2,7.319450378417969e-05,0.11961627006530762
379,2,6.413459777832031e-05,0.12512683868408203
379,2,8.678436279296875e-05,0.1261272430419922
379,2,8.749961853027344e-05,0.12407946586608887
379,2,8.320808410644531e-05,0.12670397758483887
379,2,7.43865966796875e-05,0.1201789379119873
379,2,7.414817810058594e-05,0.12301135063171387
379,2,6.413459777832031e-05,0.12476038932800293
379,2,6.508827209472656e-05,0.11886453628540039
379,2,6.246566772460938e-05,0.11883783340454102
379,2,7.081031799316406e-05,0.12069845199584961
379,3,9.799003601074219e-05,0.182206392288208
379,3,8.511543273925781e-05,0.18748068809509277
379,3,8.463859558105469e-05,0.1816706657409668
379,3,8.320808410644531e-05,0.18873381614685059
379,3,9.679794311523438e-05,0.18544244766235352
379,4,0.0001049041748046875,0.2411811351776123
379,4,0.00014090538024902344,0.24685883522033691
379,4,0.0001430511474609375,0.24522829055786133
379,4,0.00010323524475097656,0.2538931369781494
379,4,0.0001819133758544922,0.24758505821228027
379,6,0.00017070770263671875,0.3671903610229492
379,6,0.00017142295837402344,0.36443305015563965
379,6,0.00019788742065429688,0.36630916595458984
379,6,0.0002238750457763672,0.36597561836242676
379,6,0.00016999244689941406,0.3663010597229004
379,8,0.00021791458129882812,0.49309563636779785
379,8,0.0002193450927734375,0.4974081516265869
379,8,0.0002193450927734375,0.4929971694946289
379,8,0.00021719932556152344,0.48882079124450684
379,8,0.00021791458129882812,0.4920382499694824
379,11,0.0002532005310058594,0.6735186576843262
379,11,0.000274658203125,0.6711480617523193
379,11,0.0003504753112792969,0.6800916194915771
379,11,0.0002446174621582031,0.678410530090332
379,11,0.0002918243408203125,0.6772830486297607
379,16,0.0004277229309082031,0.9923233985900879
379,16,0.0004086494445800781,0.9853110313415527
379,16,0.0003974437713623047,0.9750385284423828
379,16,0.0004355907440185547,1.0086877346038818
379,16,0.00037026405334472656,0.9945356845855713
379,22,0.0006773471832275391,1.3456389904022217
379,22,0.0006282329559326172,1.369399070739746
379,22,0.00048470497131347656,1.3531980514526367
379,22,0.0005080699920654297,1.3541321754455566
379,22,0.0005664825439453125,1.3365190029144287
379,30,0.0007169246673583984,1.8273506164550781
379,30,0.00063323974609375,1.8462989330291748
379,30,0.0009086132049560547,1.8558268547058105
379,30,0.0007181167602539062,1.8443615436553955
379,30,0.0006394386291503906,1.8496243953704834
379,42,0.0010759830474853516,2.606527090072632
379,42,0.0010640621185302734,2.606825351715088
379,42,0.0010371208190917969,2.5740931034088135
379,42,0.0010144710540771484,2.5796008110046387
379,42,0.0009398460388183594,2.5781097412109375
379,59,0.001277923583984375,3.632612466812134
379,59,0.0013275146484375,3.6770126819610596
379,59,0.0012850761413574219,3.6384408473968506
379,59,0.001293182373046875,3.65761661529541
379,59,0.001271963119506836,3.6689019203186035
379,83,0.0020020008087158203,5.146345853805542
379,83,0.0016872882843017578,5.123420715332031
379,83,0.001918792724609375,5.1550681591033936
379,83,0.0017902851104736328,5.202850580215454
379,83,0.0017518997192382812,5.1826491355896
379,116,0.002601146697998047,7.081897020339966
379,116,0.002407073974609375,7.092712163925171
379,116,0.0024254322052001953,7.0700671672821045
379,116,0.0024576187133789062,7.131728649139404
379,116,0.002403736114501953,7.202504873275757
379,163,0.0035653114318847656,9.950203895568848
379,163,0.0035719871520996094,9.874387264251709
379,163,0.0032761096954345703,9.959116697311401
379,163,0.0034096240997314453,9.878770112991333
379,163,0.0031692981719970703,9.864341974258423
379,228,0.005023956298828125,13.954943418502808
379,228,0.004673957824707031,13.926144361495972
379,228,0.004727840423583984,13.868064165115356
379,228,0.004848003387451172,13.841102361679077
379,228,0.0046977996826171875,13.933003425598145
379,321,0.006905317306518555,19.978613138198853
379,321,0.0069391727447509766,19.87984037399292
379,321,0.006653785705566406,19.967268466949463
379,321,0.006811618804931641,19.681200742721558
379,321,0.006585597991943359,19.805403232574463
379,450,0.010460615158081055,27.983343362808228
379,450,0.01121973991394043,27.664204597473145
379,450,0.010032892227172852,27.677048206329346
379,450,0.00938272476196289,27.98896813392639
379,450,0.010557174682617188,28.47768211364746
379,631,0.014984130859375,39.53646111488342
379,631,0.01546168327331543,39.11647820472717
379,631,0.01356959342956543,39.28337287902832
379,631,0.013639211654663086,39.45344662666321
379,631,0.014729022979736328,39.10077786445618
545,2,0.0008418560028076172,0.1805129051208496
545,2,9.465217590332031e-05,0.18089509010314941
545,2,8.034706115722656e-05,0.18552231788635254
545,2,0.00012230873107910156,0.18105149269104004
545,2,9.5367431640625e-05,0.18026995658874512
545,2,9.34600830078125e-05,0.18184280395507812
545,2,9.226799011230469e-05,0.18382763862609863
545,2,9.369850158691406e-05,0.18163251876831055
545,2,9.608268737792969e-05,0.17814040184020996
545,2,9.560585021972656e-05,0.1841726303100586
545,2,9.584426879882812e-05,0.17979192733764648
545,2,9.34600830078125e-05,0.18134117126464844
545,2,0.00010466575622558594,0.1775214672088623
545,2,8.368492126464844e-05,0.17600727081298828
545,2,9.822845458984375e-05,0.17827677726745605
545,3,0.00013113021850585938,0.27387261390686035
545,3,0.00015783309936523438,0.275684118270874
545,3,0.00013065338134765625,0.27071142196655273
545,3,0.00013113021850585938,0.26453447341918945
545,3,0.00013637542724609375,0.2636556625366211
545,4,0.00016808509826660156,0.35984134674072266
545,4,0.0001647472381591797,0.35228490829467773
545,4,0.0001392364501953125,0.3566460609436035
545,4,0.00014138221740722656,0.3537619113922119
545,4,0.0001437664031982422,0.3575313091278076
545,6,0.0002951622009277344,0.5392129421234131
545,6,0.0002727508544921875,0.5427284240722656
545,6,0.00023293495178222656,0.5359501838684082
545,6,0.0002727508544921875,0.5298287868499756
545,6,0.0003101825714111328,0.5331311225891113
545,8,0.00035071372985839844,0.7195067405700684
545,8,0.0003638267517089844,0.7056477069854736
545,8,0.00025725364685058594,0.7177050113677979
545,8,0.0003025531768798828,0.6997048854827881
545,8,0.0003485679626464844,0.715184211730957
545,11,0.0003523826599121094,0.9770669937133789
545,11,0.0003528594970703125,0.9879004955291748
545,11,0.00034618377685546875,0.9757256507873535
545,11,0.0004012584686279297,0.9809079170227051
545,11,0.0004100799560546875,0.9932360649108887
545,16,0.0005071163177490234,1.4575121402740479
545,16,0.0005962848663330078,1.423985481262207
545,16,0.0006406307220458984,1.4314613342285156
545,16,0.0006554126739501953,1.435161828994751
545,16,0.0005788803100585938,1.4359650611877441
545,22,0.0009157657623291016,1.9810137748718262
545,22,0.0006825923919677734,1.9617469310760498
545,22,0.0007524490356445312,1.9624288082122803
545,22,0.0007541179656982422,1.9594848155975342
545,22,0.0007476806640625,1.9475278854370117
545,30,0.0011277198791503906,2.6629316806793213
545,30,0.001004934310913086,2.6807045936584473
545,30,0.0009589195251464844,2.682180404663086
545,30,0.0008976459503173828,2.644843339920044
545,30,0.0009186267852783203,2.678870439529419
545,42,0.001463174819946289,3.739400863647461
545,42,0.001329660415649414,3.7414798736572266
545,42,0.0013625621795654297,3.7486588954925537
545,42,0.0013270378112792969,3.765117645263672
545,42,0.0013179779052734375,3.7604000568389893
545,59,0.002022266387939453,5.274489641189575
545,59,0.0018093585968017578,5.283763885498047
545,59,0.0017828941345214844,5.259976387023926
545,59,0.0017764568328857422,5.272165536880493
545,59,0.0017390251159667969,5.310907602310181
545,83,0.0027246475219726562,7.491753816604614
545,83,0.0025191307067871094,7.4145188331604
545,83,0.0023946762084960938,7.470210313796997
545,83,0.0027163028717041016,7.416043758392334
545,83,0.00246429443359375,7.434380769729614
545,116,0.003618478775024414,10.29661512374878
545,116,0.0033791065216064453,10.368512392044067
545,116,0.0033991336822509766,10.354909896850586
545,116,0.0035009384155273438,10.37069320678711
545,116,0.0035822391510009766,10.426350831985474
545,163,0.005276679992675781,14.59819769859314
545,163,0.00480961799621582,14.720423460006714
545,163,0.004867076873779297,14.532702684402466
545,163,0.0049326419830322266,14.48129677772522
545,163,0.004994630813598633,14.507087230682373
545,228,0.0070383548736572266,20.319941520690918
545,228,0.006775617599487305,20.343653678894043
545,228,0.007303476333618164,20.44793677330017
545,228,0.006974935531616211,20.425190687179565
545,228,0.00677180290222168,20.327988147735596
545,321,0.010528564453125,28.618601083755493
545,321,0.010316610336303711,28.644898414611816
545,321,0.010306358337402344,28.898898363113403
545,321,0.010057926177978516,29.27535128593445
545,321,0.009765386581420898,28.88452386856079
545,450,0.015074014663696289,40.58652138710022
545,450,0.01754903793334961,40.92543077468872
545,450,0.014884233474731445,40.9813916683197
545,450,0.014014244079589844,40.80390000343323
545,450,0.014845132827758789,41.13405728340149
545,631,0.020896196365356445,57.401424407958984
545,631,0.019829511642456055,57.14824080467224
545,631,0.020880937576293945,56.985288858413696
545,631,0.02163076400756836,58.13033580780029
545,631,0.023157596588134766,57.86492419242859
784,2,0.0012638568878173828,0.26935911178588867
784,2,0.0001690387725830078,0.27907657623291016
784,2,0.00014543533325195312,0.27072644233703613
784,2,0.00012731552124023438,0.2608613967895508
784,2,0.0001888275146484375,0.2628743648529053
784,2,0.00016689300537109375,0.2664322853088379
784,2,0.0001277923583984375,0.27810192108154297
784,2,0.0001442432403564453,0.2728860378265381
784,2,0.00012612342834472656,0.2590196132659912
784,2,0.00011110305786132812,0.2569701671600342
784,2,0.0001270771026611328,0.2657294273376465
784,2,0.000110626220703125,0.2744879722595215
784,2,0.000125885009765625,0.2806735038757324
784,2,0.0001780986785888672,0.27461671829223633
784,2,0.0001697540283203125,0.26117849349975586
784,3,0.0002028942108154297,0.3939800262451172
784,3,0.0001780986785888672,0.4074716567993164
784,3,0.00021195411682128906,0.41539812088012695
784,3,0.00016379356384277344,0.39475202560424805
784,3,0.00017714500427246094,0.399672269821167
784,4,0.0002334117889404297,0.5370340347290039
784,4,0.00023126602172851562,0.5372622013092041
784,4,0.00019478797912597656,0.5372462272644043
784,4,0.0002636909484863281,0.5362808704376221
784,4,0.000232696533203125,0.5384831428527832
784,6,0.0003044605255126953,0.7949991226196289
784,6,0.0003924369812011719,0.8055918216705322
784,6,0.0003261566162109375,0.8068811893463135
784,6,0.00032138824462890625,0.7954394817352295
784,6,0.0003330707550048828,0.8163368701934814
784,8,0.0005078315734863281,1.0573129653930664
784,8,0.0003733634948730469,1.0747158527374268
784,8,0.0005104541778564453,1.0811617374420166
784,8,0.0005044937133789062,1.0606825351715088
784,8,0.00036835670471191406,1.067751407623291
784,11,0.0005717277526855469,1.4619998931884766
784,11,0.0006644725799560547,1.4681999683380127
784,11,0.0005905628204345703,1.4671814441680908
784,11,0.0005407333374023438,1.4579439163208008
784,11,0.0006525516510009766,1.4535186290740967
784,16,0.0009951591491699219,2.113471746444702
784,16,0.0007560253143310547,2.102825164794922
784,16,0.0007948875427246094,2.1349167823791504
784,16,0.000858306884765625,2.1275436878204346
784,16,0.0008113384246826172,2.120835542678833
784,22,0.0012695789337158203,2.9147932529449463
784,22,0.0011038780212402344,2.8923819065093994
784,22,0.0009877681732177734,2.876965045928955
784,22,0.001010894775390625,2.8670997619628906
784,22,0.0009818077087402344,2.8727381229400635
784,30,0.0013747215270996094,3.9218032360076904
784,30,0.0014302730560302734,3.941835641860962
784,30,0.0014371871948242188,3.928189754486084
784,30,0.0013353824615478516,3.915282726287842
784,30,0.0014128684997558594,3.915159225463867
784,42,0.0019872188568115234,5.466033220291138
784,42,0.0019292831420898438,5.542576551437378
784,42,0.001987934112548828,5.476733684539795
784,42,0.0020313262939453125,5.528348684310913
784,42,0.0019328594207763672,5.497096300125122
784,59,0.0028302669525146484,7.727623224258423
784,59,0.0025229454040527344,7.648466348648071
784,59,0.002642393112182617,7.637792348861694
784,59,0.0026657581329345703,7.657186031341553
784,59,0.0026814937591552734,7.6922242641448975
784,83,0.0038993358612060547,10.880719184875488
784,83,0.003737211227416992,10.781612157821655
784,83,0.0036101341247558594,10.80862307548523
784,83,0.0037393569946289062,10.779154777526855
784,83,0.003737926483154297,10.838960886001587
784,116,0.005568981170654297,15.239097595214844
784,116,0.0053555965423583984,15.036978006362915
784,116,0.004991292953491211,15.13443636894226
784,116,0.005239248275756836,15.095192432403564
784,116,0.005136251449584961,15.262209415435791
784,163,0.007795095443725586,21.51259446144104
784,163,0.00713801383972168,21.454673290252686
784,163,0.007098197937011719,21.36435890197754
784,163,0.007444143295288086,21.297534465789795
784,163,0.006849050521850586,21.499110221862793
784,228,0.010625600814819336,29.89278554916382
784,228,0.01065969467163086,30.146483898162842
784,228,0.010098457336425781,29.96878743171692
784,228,0.011412620544433594,29.994009733200073
784,228,0.009897232055664062,30.20330286026001
784,321,0.015644073486328125,42.56253170967102
784,321,0.015058517456054688,42.27189588546753
784,321,0.015308618545532227,42.11517906188965
784,321,0.01565694808959961,42.13713097572327
784,321,0.014357805252075195,42.34736490249634
784,450,0.02359604835510254,60.04512643814087
784,450,0.021266460418701172,60.08239221572876
784,450,0.02053356170654297,60.229429721832275
784,450,0.0225985050201416,59.84532713890076
784,450,0.021042585372924805,60.34500455856323
784,631,0.033928871154785156,84.44109272956848
784,631,0.029743194580078125,83.84939336776733
784,631,0.02935171127319336,83.94906854629517
784,631,0.03051924705505371,84.868821144104
784,631,0.029698610305786133,85.8044159412384
1128,2,0.0014657974243164062,0.39128923416137695
1128,2,0.0002086162567138672,0.39817118644714355
1128,2,0.0001766681671142578,0.3816390037536621
1128,2,0.00015282630920410156,0.3881866931915283
1128,2,0.00017833709716796875,0.3805854320526123
1128,2,0.00018668174743652344,0.3917093276977539
1128,2,0.00017952919006347656,0.3857696056365967
1128,2,0.0001475811004638672,0.3852829933166504
1128,2,0.00017786026000976562,0.39969849586486816
1128,2,0.00024580955505371094,0.3787682056427002
1128,2,0.00017714500427246094,0.3873143196105957
1128,2,0.0002510547637939453,0.3836987018585205
1128,2,0.00015163421630859375,0.3932223320007324
1128,2,0.00018739700317382812,0.39179182052612305
1128,2,0.00015020370483398438,0.38114070892333984
1128,3,0.0003342628479003906,0.5848426818847656
1128,3,0.00025653839111328125,0.5825719833374023
1128,3,0.0002636909484863281,0.5722930431365967
1128,3,0.0002536773681640625,0.5902607440948486
1128,3,0.00029587745666503906,0.5666358470916748
1128,4,0.00027561187744140625,0.8028028011322021
1128,4,0.00043392181396484375,0.8340773582458496
1128,4,0.0003917217254638672,0.7726178169250488
1128,4,0.00039005279541015625,0.788870096206665
1128,4,0.0003337860107421875,0.7630653381347656
1128,6,0.00040531158447265625,1.1656875610351562
1128,6,0.0004811286926269531,1.154550552368164
1128,6,0.0005538463592529297,1.1613030433654785
1128,6,0.00046896934509277344,1.1508300304412842
1128,6,0.0005745887756347656,1.1500868797302246
1128,8,0.0005786418914794922,1.552506446838379
1128,8,0.0006701946258544922,1.5569953918457031
1128,8,0.0006296634674072266,1.535912036895752
1128,8,0.0006301403045654297,1.5371959209442139
1128,8,0.0006911754608154297,1.5382249355316162
1128,11,0.0007953643798828125,2.1236114501953125
1128,11,0.0008203983306884766,2.122246742248535
1128,11,0.0008199214935302734,2.126641273498535
1128,11,0.0008366107940673828,2.1423556804656982
1128,11,0.0008196830749511719,2.141448736190796
1128,16,0.001271963119506836,3.1282036304473877
1128,16,0.0011522769927978516,3.091035842895508
1128,16,0.0011315345764160156,3.1229162216186523
1128,16,0.0011370182037353516,3.1063480377197266
1128,16,0.0010454654693603516,3.106933116912842
1128,22,0.0016901493072509766,4.259442329406738
1128,22,0.0014681816101074219,4.257643222808838
1128,22,0.0013980865478515625,4.19954776763916
1128,22,0.0015330314636230469,4.223836898803711
1128,22,0.0016589164733886719,4.236513137817383
1128,30,0.0021491050720214844,5.793441534042358
1128,30,0.001913309097290039,5.780414581298828
1128,30,0.0021114349365234375,5.742292642593384
1128,30,0.001992940902709961,5.776674270629883
1128,30,0.0019423961639404297,5.7747557163238525
1128,42,0.002800464630126953,8.111970663070679
1128,42,0.002728700637817383,8.129356384277344
1128,42,0.0027625560760498047,8.089052200317383
1128,42,0.0027740001678466797,8.253146409988403
1128,42,0.0028791427612304688,8.152676582336426
1128,59,0.003937482833862305,11.408164024353027
1128,59,0.004030942916870117,11.443295240402222
1128,59,0.003823518753051758,11.46415662765503
1128,59,0.0038459300994873047,11.429635763168335
1128,59,0.004153728485107422,11.468579769134521
1128,83,0.005801677703857422,16.193456172943115
1128,83,0.005387544631958008,16.183620929718018
1128,83,0.005327701568603516,15.988258123397827
1128,83,0.0055277347564697266,16.01906418800354
1128,83,0.005401134490966797,15.970537424087524
1128,116,0.007517814636230469,22.58885908126831
1128,116,0.007494688034057617,22.5157151222229
1128,116,0.00783538818359375,22.657655000686646
1128,116,0.007446765899658203,22.340075254440308
1128,116,0.007740974426269531,22.409668445587158
1128,163,0.011165380477905273,31.628856420516968
1128,163,0.011231660842895508,31.687299728393555
1128,163,0.01171255111694336,31.509422302246094
1128,163,0.01077890396118164,31.273423194885254
1128,163,0.011036872863769531,31.682358264923096
1128,228,0.0163421630859375,44.378623723983765
1128,228,0.01599740982055664,44.14300346374512
1128,228,0.015743255615234375,43.904239892959595
1128,228,0.015601873397827148,43.91452765464783
1128,228,0.014862298965454102,44.20196485519409
1128,321,0.02309703826904297,62.61413288116455
1128,321,0.02255725860595703,62.72617506980896
1128,321,0.023834705352783203,61.91043996810913
1128,321,0.024446964263916016,62.50941061973572
1128,321,0.023505210876464844,63.218921422958374
1128,450,0.03271222114562988,88.84818410873413
1128,450,0.03180289268493652,89.00483059883118
1128,450,0.032448768615722656,95.34612226486206
1128,450,0.03213310241699219,96.44775414466858
1128,450,0.0317685604095459,97.6901445388794
1128,631,0.05738115310668945,140.06180381774902
1128,631,0.0454411506652832,137.64547324180603
1128,631,0.04484057426452637,138.2940924167633
1128,631,0.04810523986816406,141.181471824646
1128,631,0.04632854461669922,139.06090092658997
1623,2,0.0023872852325439453,0.6363341808319092
1623,2,0.0003075599670410156,0.6293132305145264
1623,2,0.00033473968505859375,0.6402561664581299
1623,2,0.00033020973205566406,0.6349327564239502
1623,2,0.00028896331787109375,0.6342208385467529
1623,2,0.0002999305725097656,0.6555924415588379
1623,2,0.00031566619873046875,0.6372432708740234
1623,2,0.00029158592224121094,0.6233582496643066
1623,2,0.00033020973205566406,0.6607561111450195
1623,2,0.0003311634063720703,0.6404175758361816
1623,2,0.00030875205993652344,0.6343278884887695
1623,2,0.00029158592224121094,0.6336314678192139
1623,2,0.0002913475036621094,0.6344127655029297
1623,2,0.0003440380096435547,0.6361331939697266
1623,2,0.0003027915954589844,0.6285419464111328
1623,3,0.00044345855712890625,0.9529073238372803
1623,3,0.0004324913024902344,0.9265706539154053
1623,3,0.0004260540008544922,0.9605045318603516
1623,3,0.0004780292510986328,0.9676854610443115
1623,3,0.0004913806915283203,0.9530954360961914
1623,4,0.0005757808685302734,1.2711272239685059
1623,4,0.0004856586456298828,1.2669649124145508
1623,4,0.0005857944488525391,1.2551603317260742
1623,4,0.0005500316619873047,1.2754180431365967
1623,4,0.0006012916564941406,1.2517225742340088
1623,6,0.0008034706115722656,1.8953423500061035
1623,6,0.0008237361907958984,1.893688440322876
1623,6,0.0007729530334472656,1.9309937953948975
1623,6,0.0007512569427490234,1.9002470970153809
1623,6,0.0007507801055908203,1.9508912563323975
1623,8,0.0009810924530029297,2.5465338230133057
1623,8,0.0009691715240478516,2.5066208839416504
1623,8,0.0009427070617675781,2.554630756378174
1623,8,0.001050710678100586,2.559537649154663
1623,8,0.0009410381317138672,2.543562412261963
1623,11,0.0014772415161132812,3.457744836807251
1623,11,0.0012462139129638672,3.470533609390259
1623,11,0.0013518333435058594,3.5032477378845215
1623,11,0.0012040138244628906,3.4268956184387207
1623,11,0.001150369644165039,3.5021748542785645
1623,16,0.0019459724426269531,5.098770618438721
1623,16,0.0016667842864990234,5.043489217758179
1623,16,0.001674652099609375,5.0517494678497314
1623,16,0.0016622543334960938,5.118937730789185
1623,16,0.0016744136810302734,5.096017122268677
1623,22,0.002377033233642578,6.9870500564575195
1623,22,0.0023889541625976562,7.020702838897705
1623,22,0.0022268295288085938,7.0274553298950195
1623,22,0.0023963451385498047,6.933858633041382
1623,22,0.002496004104614258,6.957484245300293
1623,30,0.003154277801513672,9.335484266281128
1623,30,0.0030035972595214844,9.392082452774048
1623,30,0.0029478073120117188,9.381227731704712
1623,30,0.002946138381958008,9.40591835975647
1623,30,0.0031647682189941406,9.398690938949585
1623,42,0.004796504974365234,13.329083442687988
1623,42,0.004297018051147461,13.38478684425354
1623,42,0.00435638427734375,13.355360269546509
1623,42,0.004271507263183594,13.276142358779907
1623,42,0.00428462028503418,13.380574703216553
1623,59,0.006422281265258789,18.66648840904236
1623,59,0.005868673324584961,18.76783800125122
1623,59,0.005666255950927734,18.728522062301636
1623,59,0.005997896194458008,18.580634593963623
1623,59,0.006185770034790039,18.851545810699463
1623,83,0.008707284927368164,26.345608949661255
1623,83,0.008730411529541016,26.353760957717896
1623,83,0.008217096328735352,26.47929096221924
1623,83,0.008531808853149414,26.268009662628174
1623,83,0.009359121322631836,26.409064531326294
1623,116,0.013040781021118164,36.75893425941467
1623,116,0.012351751327514648,37.010841608047485
1623,116,0.013887643814086914,36.71017861366272
1623,116,0.011777162551879883,36.835598945617676
1623,116,0.013947486877441406,37.01574230194092
1623,163,0.017461061477661133,52.040072441101074
1623,163,0.01716470718383789,52.19352078437805
1623,163,0.017040729522705078,51.78943395614624
1623,163,0.01873040199279785,51.6291401386261
1623,163,0.0177767276763916,51.48352527618408
1623,228,0.024015188217163086,72.78384733200073
1623,228,0.026564359664916992,73.46446871757507
1623,228,0.02597975730895996,72.33983612060547
1623,228,0.02679610252380371,72.22181463241577
1623,228,0.028787851333618164,72.1924741268158
1623,321,0.0353240966796875,102.92154383659363
1623,321,0.0339505672454834,103.0365800857544
1623,321,0.03491568565368652,98.84053993225098
1623,321,0.03553271293640137,93.50047397613525
1623,321,0.03577399253845215,89.77076363563538
1623,450,0.0443112850189209,124.96880984306335
1623,450,0.04560232162475586,124.02593350410461
1623,450,0.04455161094665527,122.2814621925354
1623,450,0.045796871185302734,125.21741247177124
1623,450,0.04490399360656738,124.22441983222961
1623,631,0.06364130973815918,177.20603251457214
1623,631,0.06160902976989746,171.83069252967834
1623,631,0.06240057945251465,171.73695373535156
1623,631,0.06357336044311523,174.26678729057312
1623,631,0.0657961368560791,178.5388903617859
2335,2,0.002455472946166992,0.7861156463623047
2335,2,0.0003154277801513672,0.7981314659118652
2335,2,0.00032019615173339844,0.8007659912109375
2335,2,0.0003120899200439453,0.7995321750640869
2335,2,0.0003228187561035156,0.7935311794281006
2335,2,0.00030803680419921875,0.7831993103027344
2335,2,0.00030994415283203125,0.7987432479858398
2335,2,0.0003075599670410156,0.7960898876190186
2335,2,0.00031304359436035156,0.8018088340759277
2335,2,0.00032329559326171875,0.7897164821624756
2335,2,0.00030612945556640625,0.786611795425415
2335,2,0.00030994415283203125,0.7977368831634521
2335,2,0.00031948089599609375,0.7965643405914307
2335,2,0.00031113624572753906,0.7972266674041748
2335,2,0.0003113746643066406,0.7903354167938232
2335,3,0.0004627704620361328,1.1822905540466309
2335,3,0.0004477500915527344,1.1936559677124023
2335,3,0.0004596710205078125,1.193143367767334
2335,3,0.0004527568817138672,1.1924238204956055
2335,3,0.00046133995056152344,1.1906039714813232
2335,4,0.0006310939788818359,1.609659194946289
2335,4,0.0006043910980224609,1.5882441997528076
2335,4,0.0006024837493896484,1.602332353591919
2335,4,0.0006103515625,1.6110236644744873
2335,4,0.0006134510040283203,1.597184419631958
2335,6,0.0008869171142578125,2.387554883956909
2335,6,0.0008690357208251953,2.3994483947753906
2335,6,0.0008754730224609375,2.3925704956054688
2335,6,0.0008862018585205078,2.424929141998291
2335,6,0.0008792877197265625,2.383636474609375
2335,8,0.0013396739959716797,3.185169219970703
2335,8,0.0011601448059082031,3.2214088439941406
2335,8,0.0011391639709472656,3.2183051109313965
2335,8,0.0011458396911621094,3.2235617637634277
2335,8,0.0012133121490478516,3.2061617374420166
2335,11,0.0016679763793945312,4.407991886138916
2335,11,0.001547098159790039,4.433433771133423
2335,11,0.0015625953674316406,4.418075799942017
2335,11,0.0015544891357421875,4.418114900588989
2335,11,0.00156402587890625,4.401054382324219
2335,16,0.0023632049560546875,6.528803825378418
2335,16,0.0027360916137695312,7.113076686859131
2335,16,0.002341747283935547,7.581892967224121
2335,16,0.0026421546936035156,7.599794149398804
2335,16,0.0023889541625976562,7.624248266220093
2335,22,0.003450155258178711,10.23926568031311
2335,22,0.0032346248626708984,10.126220226287842
2335,22,0.003217935562133789,9.258342742919922
2335,22,0.0031921863555908203,9.307249546051025
2335,22,0.003185272216796875,9.200085401535034
2335,30,0.004858493804931641,12.549527883529663
2335,30,0.004605293273925781,12.518176555633545
2335,30,0.004285335540771484,12.565765380859375
2335,30,0.0043299198150634766,12.561428785324097
2335,30,0.004269123077392578,12.609153985977173
2335,42,0.006503582000732422,17.569101095199585
2335,42,0.006196498870849609,17.60982632637024
2335,42,0.0059468746185302734,17.524404525756836
2335,42,0.005976200103759766,17.555493354797363
2335,42,0.006165981292724609,17.15631866455078
2335,59,0.008798360824584961,24.104939460754395
2335,59,0.008242607116699219,23.999570608139038
2335,59,0.008508682250976562,23.83427858352661
2335,59,0.008293628692626953,23.759649753570557
2335,59,0.008176326751708984,23.606400728225708
2335,83,0.011988639831542969,33.295533418655396
2335,83,0.011553287506103516,33.252644538879395
2335,83,0.01152801513671875,33.24395442008972
2335,83,0.011376142501831055,33.37395215034485
2335,83,0.012050628662109375,33.53997564315796
2335,116,0.018003463745117188,46.78823137283325
2335,116,0.016707658767700195,46.81347584724426
2335,116,0.017142534255981445,46.76868176460266
2335,116,0.01740264892578125,46.699501037597656
2335,116,0.017290115356445312,46.372987031936646
2335,163,0.024396419525146484,74.20602464675903
2335,163,0.02822732925415039,75.26987218856812
2335,163,0.02914881706237793,73.07238745689392
2335,163,0.02547597885131836,69.24815320968628
2335,163,0.023847103118896484,68.47287487983704
2335,228,0.036277055740356445,93.53472113609314
2335,228,0.032253265380859375,93.00865602493286
2335,228,0.034166812896728516,93.60992860794067
2335,228,0.03385496139526367,94.6389410495758
2335,228,0.033325910568237305,93.0915675163269
2335,321,0.04734158515930176,137.85741424560547
2335,321,0.04946327209472656,135.6401047706604
2335,321,0.053696632385253906,166.28965759277344
2335,321,0.05179119110107422,159.35098814964294
2335,321,0.0558168888092041,150.91557216644287
2335,450,0.0752105712890625,228.16278266906738
2335,450,0.07613062858581543,246.54569149017334
2335,450,0.06958746910095215,205.15473461151123
2335,450,0.0714101791381836,218.60918021202087
2335,450,0.07172870635986328,209.20192956924438
2335,631,0.10152912139892578,284.6020669937134
2335,631,0.0925297737121582,308.73113799095154
2335,631,0.09808754920959473,282.02209186553955
2335,631,0.09215950965881348,272.8787341117859
2335,631,0.09984278678894043,283.96209836006165
3359,2,0.0031201839447021484,1.237342357635498
3359,2,0.0006623268127441406,1.2759795188903809
3359,2,0.000530242919921875,1.2653634548187256
3359,2,0.0005285739898681641,1.240710735321045
3359,2,0.0005366802215576172,1.2529160976409912
3359,2,0.0005309581756591797,1.2293150424957275
3359,2,0.0005517005920410156,1.2289140224456787
3359,2,0.0005242824554443359,1.2522296905517578
3359,2,0.0006229877471923828,1.2389707565307617
3359,2,0.0006766319274902344,1.2503628730773926
3359,2,0.0005404949188232422,1.232923984527588
3359,2,0.0005307197570800781,1.2292792797088623
3359,2,0.0005407333374023438,1.2278060913085938
3359,2,0.0006222724914550781,1.2377347946166992
3359,2,0.0005407333374023438,1.2510602474212646
3359,3,0.0007710456848144531,1.8741552829742432
3359,3,0.0007605552673339844,1.9096367359161377
3359,3,0.0007677078247070312,1.8711764812469482
3359,3,0.0007603168487548828,1.868502140045166
3359,3,0.0008230209350585938,1.8688669204711914
3359,4,0.0009648799896240234,2.5039491653442383
3359,4,0.0009639263153076172,2.4838080406188965
3359,4,0.0010266304016113281,2.501312732696533
3359,4,0.0010221004486083984,2.4935672283172607
3359,4,0.0009686946868896484,2.540332794189453
3359,6,0.001619577407836914,3.8127052783966064
3359,6,0.0014333724975585938,3.748990535736084
3359,6,0.001428842544555664,3.76932692527771
3359,6,0.0013952255249023438,3.792645215988159
3359,6,0.001384735107421875,3.8069589138031006
3359,8,0.0018286705017089844,5.119905948638916
3359,8,0.0018100738525390625,5.077528953552246
3359,8,0.0018031597137451172,5.0357489585876465
3359,8,0.001779794692993164,5.103473901748657
3359,8,0.0017969608306884766,5.184212684631348
3359,11,0.0024662017822265625,7.063657522201538
3359,11,0.0024569034576416016,6.9845170974731445
3359,11,0.0024764537811279297,7.03327202796936
3359,11,0.0025103092193603516,6.99166464805603
3359,11,0.0024213790893554688,7.0345258712768555
3359,16,0.003473043441772461,10.353014945983887
3359,16,0.003473520278930664,10.253377914428711
3359,16,0.0035452842712402344,10.36796760559082
3359,16,0.0038750171661376953,10.285831212997437
3359,16,0.0034956932067871094,10.342643976211548
3359,22,0.0050547122955322266,14.197816610336304
3359,22,0.004744529724121094,14.135369300842285
3359,22,0.004721879959106445,14.26504397392273
3359,22,0.004774808883666992,14.068355083465576
3359,22,0.0049402713775634766,14.161600589752197
3359,30,0.00686955451965332,19.195748329162598
3359,30,0.006485700607299805,19.093297004699707
3359,30,0.00634002685546875,19.099536895751953
3359,30,0.0068933963775634766,19.141077518463135
3359,30,0.0064678192138671875,19.154284238815308
3359,42,0.009839773178100586,26.657900094985962
3359,42,0.009620189666748047,26.744888305664062
3359,42,0.008968114852905273,26.674933195114136
3359,42,0.009435415267944336,26.742655515670776
3359,42,0.008988380432128906,26.686492204666138
3359,59,0.014198780059814453,37.52320456504822
3359,59,0.012659072875976562,37.37668037414551
3359,59,0.013062238693237305,37.43530583381653
3359,59,0.01341700553894043,37.44133114814758
3359,59,0.013271093368530273,37.28547668457031
3359,83,0.01946735382080078,52.80086636543274
3359,83,0.01989293098449707,52.77731013298035
3359,83,0.01879096031188965,53.0337598323822
3359,83,0.017902851104736328,53.350040912628174
3359,83,0.01904582977294922,53.18427014350891
3359,116,0.027799129486083984,75.36326336860657
3359,116,0.025530099868774414,74.73175001144409
3359,116,0.027508258819580078,74.45386099815369
3359,116,0.027214527130126953,74.47410488128662
3359,116,0.02762746810913086,75.05048871040344
3359,163,0.03886866569519043,106.01741313934326
3359,163,0.040839433670043945,104.24816417694092
3359,163,0.03836679458618164,105.15017461776733
3359,163,0.03607964515686035,106.79972290992737
3359,163,0.040808677673339844,108.63942241668701
3359,228,0.05933070182800293,161.9578995704651
3359,228,0.05153703689575195,159.06956958770752
3359,228,0.05889701843261719,157.9146912097931
3359,228,0.05123019218444824,159.48228001594543
3359,228,0.05170583724975586,153.5271418094635
3359,321,0.07071876525878906,220.70283246040344
3359,321,0.07190775871276855,210.33320546150208
3359,321,0.06915783882141113,209.96263122558594
3359,321,0.07010483741760254,215.67136788368225
3359,321,0.07378458976745605,209.37736225128174
3359,450,0.10119891166687012,305.552072763443
3359,450,0.10433554649353027,289.89212942123413
3359,450,0.10111021995544434,279.7360200881958
3359,450,0.09158492088317871,269.58400774002075
3359,450,0.09357929229736328,279.0190260410309
3359,631,0.13305950164794922,375.5138657093048
3359,631,0.13152360916137695,386.56126260757446
3359,631,0.12859249114990234,374.1291468143463
3359,631,0.12675189971923828,386.6660797595978
3359,631,0.1264348030090332,374.51432061195374
4832,2,0.003856182098388672,1.751171588897705
4832,2,0.0006787776947021484,1.723010540008545
4832,2,0.0006821155548095703,1.731264591217041
4832,2,0.0006833076477050781,1.733776330947876
4832,2,0.0006620883941650391,1.7544987201690674
4832,2,0.0006339550018310547,1.742283582687378
4832,2,0.0006539821624755859,1.7160110473632812
4832,2,0.0006418228149414062,1.7113382816314697
4832,2,0.0006372928619384766,1.735783576965332
4832,2,0.0006322860717773438,1.7631075382232666
4832,2,0.0006694793701171875,1.7422876358032227
4832,2,0.0006453990936279297,1.7224533557891846
4832,2,0.0006935596466064453,1.710839033126831
4832,2,0.0006465911865234375,1.7362067699432373
4832,2,0.0006287097930908203,1.7446563243865967
4832,3,0.0009431838989257812,2.6446425914764404
4832,3,0.0009458065032958984,2.6214869022369385
4832,3,0.0009310245513916016,2.598435640335083
4832,3,0.0009434223175048828,2.6465632915496826
4832,3,0.0009472370147705078,2.6349828243255615
4832,4,0.0012221336364746094,3.4879848957061768
4832,4,0.0012180805206298828,3.485548496246338
4832,4,0.0012362003326416016,3.5168793201446533
4832,4,0.00146484375,3.499063014984131
4832,4,0.0012204647064208984,3.5536606311798096
4832,6,0.0018737316131591797,5.293673515319824
4832,6,0.0019910335540771484,5.250089406967163
4832,6,0.0017893314361572266,5.294575452804565
4832,6,0.001811981201171875,5.360568284988403
4832,6,0.0017943382263183594,5.350132465362549
4832,8,0.0026574134826660156,7.159641742706299
4832,8,0.0024237632751464844,7.148291110992432
4832,8,0.0023581981658935547,7.0964648723602295
4832,8,0.0024459362030029297,7.200522422790527
4832,8,0.0023806095123291016,7.189266920089722
4832,11,0.0034933090209960938,9.850058317184448
4832,11,0.003423929214477539,9.91756820678711
4832,11,0.0032248497009277344,9.827088356018066
4832,11,0.0034160614013671875,9.888071775436401
4832,11,0.003302335739135742,9.957405090332031
4832,16,0.005150556564331055,14.471098899841309
4832,16,0.004721641540527344,14.597633838653564
4832,16,0.0050296783447265625,14.46973204612732
4832,16,0.0052945613861083984,14.491147756576538
4832,16,0.004678249359130859,14.584867477416992
4832,22,0.006544589996337891,20.07593584060669
4832,22,0.006738901138305664,19.969661474227905
4832,22,0.006959199905395508,19.837332487106323
4832,22,0.006406307220458984,20.10980248451233
4832,22,0.006498098373413086,20.061673641204834
4832,30,0.009358882904052734,27.316974401474
4832,30,0.009159564971923828,27.09416699409485
4832,30,0.009087562561035156,27.29446816444397
4832,30,0.008833169937133789,27.298948526382446
4832,30,0.009203195571899414,27.448415517807007
4832,42,0.012230396270751953,37.644835233688354
4832,42,0.01279449462890625,37.89081859588623
4832,42,0.012359619140625,37.74446964263916
4832,42,0.013290643692016602,37.96027183532715
4832,42,0.01337432861328125,37.59239840507507
4832,59,0.019121885299682617,53.03585386276245
4832,59,0.018810749053955078,52.88779330253601
4832,59,0.0186612606048584,52.84062480926514
4832,59,0.01872730255126953,52.94058346748352
4832,59,0.017354726791381836,52.9311203956604
4832,83,0.028469562530517578,74.78953099250793
4832,83,0.024529695510864258,75.22695732116699
4832,83,0.028125286102294922,74.39053678512573
4832,83,0.0247344970703125,74.84260654449463
4832,83,0.02525806427001953,74.4148576259613
4832,116,0.036863088607788086,106.14293193817139
4832,116,0.0389857292175293,106.43396067619324
4832,116,0.03698420524597168,105.17027115821838
4832,116,0.0352785587310791,105.45178580284119
4832,116,0.037351131439208984,105.85657048225403
4832,163,0.05189919471740723,148.48829817771912
4832,163,0.05007219314575195,151.63217401504517
4832,163,0.050490617752075195,147.19336438179016
4832,163,0.05041861534118652,152.3493242263794
4832,163,0.05166816711425781,148.89194107055664
4832,228,0.07217001914978027,211.4951889514923
4832,228,0.07019424438476562,203.3078155517578
4832,228,0.06778073310852051,203.51348161697388
4832,228,0.0674138069152832,205.57363080978394
4832,228,0.0703895092010498,203.38329005241394
4832,321,0.09959125518798828,293.9527702331543
4832,321,0.09700798988342285,296.57298517227173
4832,321,0.0967714786529541,293.7758991718292
4832,321,0.10169005393981934,292.26984167099
4832,321,0.09855508804321289,295.292032957077
4832,450,0.13871049880981445,486.7908933162689
4832,450,0.15039300918579102,452.26805686950684
4832,450,0.1440563201904297,420.37523770332336
4832,450,0.14105653762817383,417.4919807910919
4832,450,0.13669729232788086,420.3222255706787
4832,631,0.19788789749145508,584.2709710597992
4832,631,0.20450687408447266,586.5938045978546
4832,631,0.190948486328125,588.5222976207733
4832,631,0.1998004913330078,582.6610631942749
4832,631,0.1958918571472168,589.4140014648438
6951,2,0.0019121170043945312,2.732950448989868
6951,2,0.0009543895721435547,2.7835843563079834
6951,2,0.0009350776672363281,2.721843719482422
6951,2,0.000946044921875,2.716031074523926
6951,2,0.0009407997131347656,2.767533540725708
6951,2,0.0009744167327880859,2.7421886920928955
6951,2,0.0009427070617675781,2.7837040424346924
6951,2,0.0009853839874267578,2.7351269721984863
6951,2,0.0009512901306152344,2.712338447570801
6951,2,0.0009322166442871094,2.723430633544922
6951,2,0.0009253025054931641,2.7291715145111084
6951,2,0.000946044921875,2.7755961418151855
6951,2,0.0009343624114990234,2.730327844619751
6951,2,0.0009398460388183594,2.7238576412200928
6951,2,0.0009405612945556641,2.736537218093872
6951,3,0.001360177993774414,4.157355785369873
6951,3,0.0014567375183105469,4.141611099243164
6951,3,0.0013585090637207031,4.123438358306885
6951,3,0.0014450550079345703,4.114445686340332
6951,3,0.0014605522155761719,4.1316773891448975
6951,4,0.0018169879913330078,5.532375812530518
6951,4,0.0019147396087646484,5.560590982437134
6951,4,0.0018794536590576172,5.545400619506836
6951,4,0.0018091201782226562,5.563624858856201
6951,4,0.0017840862274169922,5.512474298477173
6951,6,0.0028076171875,8.526626348495483
6951,6,0.002667665481567383,8.450520992279053
6951,6,0.0028870105743408203,8.427241802215576
6951,6,0.0028533935546875,8.416478157043457
6951,6,0.0027070045471191406,8.379208087921143
6951,8,0.003618478775024414,11.438977241516113
6951,8,0.0035390853881835938,11.524201393127441
6951,8,0.003488779067993164,11.44137454032898
6951,8,0.003631591796875,11.407175779342651
6951,8,0.0037343502044677734,11.490981340408325
6951,11,0.005173683166503906,15.901607036590576
6951,11,0.0048329830169677734,15.90600872039795
6951,11,0.004828929901123047,16.076554536819458
6951,11,0.005095481872558594,15.869094848632812
6951,11,0.005036115646362305,15.961187839508057
6951,16,0.007743120193481445,23.685177087783813
6951,16,0.007706642150878906,23.39213752746582
6951,16,0.007186174392700195,23.636110305786133
6951,16,0.007325649261474609,23.55825972557068
6951,16,0.007364988327026367,23.767568826675415
6951,22,0.010562896728515625,32.830044984817505
6951,22,0.009995698928833008,32.8025918006897
6951,22,0.009799957275390625,32.648914098739624
6951,22,0.010069847106933594,32.546494483947754
6951,22,0.0097503662109375,32.475475549697876
6951,30,0.01398921012878418,44.49837565422058
6951,30,0.013831377029418945,44.73113203048706
6951,30,0.013364553451538086,44.336857318878174
6951,30,0.014089822769165039,44.356121301651
6951,30,0.013993501663208008,44.3448691368103
6951,42,0.01930856704711914,61.01308798789978
6951,42,0.019581317901611328,61.190619468688965
6951,42,0.01919841766357422,60.78214955329895
6951,42,0.019857406616210938,60.70254945755005
6951,42,0.019662141799926758,60.476645946502686
6951,59,0.028067350387573242,85.27213644981384
6951,59,0.026665925979614258,85.44437956809998
6951,59,0.026397228240966797,85.57621502876282
6951,59,0.027817487716674805,85.8212673664093
6951,59,0.028786659240722656,85.49570059776306
6951,83,0.0388791561126709,122.13350415229797
6951,83,0.03919076919555664,121.30990719795227
6951,83,0.03888964653015137,121.66927695274353
6951,83,0.039136648178100586,122.0593752861023
6951,83,0.03887367248535156,120.95795893669128
6951,116,0.05664420127868652,169.11721897125244
6951,116,0.05457115173339844,168.78003311157227
6951,116,0.055681467056274414,173.14170384407043
6951,116,0.05521345138549805,171.861811876297
6951,116,0.052873849868774414,173.19617438316345
6951,163,0.0773622989654541,238.4007351398468
6951,163,0.07482385635375977,239.56671977043152
6951,163,0.07654476165771484,232.44586873054504
6951,163,0.07338666915893555,244.39546966552734
6951,163,0.07340836524963379,232.09732294082642
6951,228,0.10690450668334961,335.2137610912323
6951,228,0.10524296760559082,324.52476167678833
6951,228,0.10349225997924805,337.18827652931213
6951,228,0.10457944869995117,339.7964041233063
6951,228,0.10270810127258301,328.3696722984314
6951,321,0.15071344375610352,493.5333571434021
6951,321,0.14929485321044922,479.7440938949585
6951,321,0.14885640144348145,475.23792481422424
6951,321,0.14478182792663574,467.7750279903412
6951,321,0.15153908729553223,469.1573746204376
6951,450,0.20932817459106445,678.654182434082
6951,450,0.20766472816467285,667.7087156772614
6951,450,0.20529770851135254,673.9166007041931
6951,450,0.20928549766540527,675.0728785991669
6951,450,0.2027144432067871,675.6150920391083
6951,631,0.2966926097869873,943.0875060558319
6951,631,0.30197834968566895,940.0998017787933
6951,631,0.3024868965148926,949.010401725769
6951,631,0.30753397941589355,956.3175916671753
6951,631,0.3097684383392334,940.3352603912354
10000,2,0.002069711685180664,4.299314498901367
10000,2,0.0014295578002929688,4.35455584526062
10000,2,0.0013740062713623047,4.307027816772461
10000,2,0.0013570785522460938,4.291121959686279
10000,2,0.0013949871063232422,4.298091411590576
10000,2,0.0014352798461914062,4.290349721908569
10000,2,0.0013811588287353516,4.364725589752197
10000,2,0.001440286636352539,4.293942928314209
10000,2,0.0013675689697265625,4.319976091384888
10000,2,0.0014102458953857422,4.32014012336731
10000,2,0.00148773193359375,4.299816846847534
10000,2,0.0014393329620361328,4.328345060348511
10000,2,0.0013773441314697266,4.306621074676514
10000,2,0.001360177993774414,4.298560857772827
10000,2,0.001390695571899414,4.297481536865234
10000,3,0.0020852088928222656,6.579747915267944
10000,3,0.0020558834075927734,6.560153484344482
10000,3,0.0021224021911621094,6.603901147842407
10000,3,0.0019927024841308594,6.5452165603637695
10000,3,0.002101898193359375,6.548070192337036
10000,4,0.0026521682739257812,8.866127490997314
10000,4,0.002710103988647461,8.834843158721924
10000,4,0.002867460250854492,8.856147527694702
10000,4,0.0026345252990722656,8.836726427078247
10000,4,0.002727985382080078,8.812045335769653
10000,6,0.004085540771484375,13.714072465896606
10000,6,0.003966331481933594,13.729275226593018
10000,6,0.0044231414794921875,13.7517831325531
10000,6,0.0040853023529052734,13.701384782791138
10000,6,0.004110574722290039,13.79012942314148
10000,8,0.005380392074584961,18.81617045402527
10000,8,0.005251169204711914,18.96311902999878
10000,8,0.005218029022216797,18.948238611221313
10000,8,0.005313873291015625,18.81082320213318
10000,8,0.005308628082275391,18.82847762107849
10000,11,0.007284879684448242,26.287452220916748
10000,11,0.007283687591552734,26.285409688949585
10000,11,0.007292509078979492,26.36866044998169
10000,11,0.007205009460449219,26.2192485332489
10000,11,0.007268667221069336,26.291104316711426
10000,16,0.010521888732910156,39.12798476219177
10000,16,0.010398387908935547,39.046122312545776
10000,16,0.010532140731811523,39.15581202507019
10000,16,0.010422229766845703,39.16625714302063
10000,16,0.010357856750488281,39.27141523361206
10000,22,0.014719963073730469,54.0972785949707
10000,22,0.014939069747924805,53.88884449005127
10000,22,0.01435232162475586,53.82099771499634
10000,22,0.014583349227905273,53.68328404426575
10000,22,0.014721393585205078,53.832237243652344
10000,30,0.019446134567260742,74.06097388267517
10000,30,0.019553661346435547,73.82151889801025
10000,30,0.020327091217041016,73.86013269424438
10000,30,0.019575834274291992,73.31069850921631
10000,30,0.020183563232421875,73.86405181884766
10000,42,0.027701854705810547,99.66367292404175
10000,42,0.027800559997558594,99.8075659275055
10000,42,0.027953386306762695,100.08102893829346
10000,42,0.027385473251342773,100.0173020362854
10000,42,0.027611970901489258,99.91072916984558
10000,59,0.03881025314331055,136.22221755981445
10000,59,0.03972268104553223,136.75800919532776
10000,59,0.039273977279663086,136.79687237739563
10000,59,0.039438486099243164,136.99238967895508
10000,59,0.03876614570617676,137.18161273002625
10000,83,0.055954933166503906,192.32679843902588
10000,83,0.055097341537475586,192.14673709869385
10000,83,0.054843902587890625,192.43994808197021
10000,83,0.05484318733215332,192.1827621459961
10000,83,0.05582690238952637,192.71181464195251
10000,116,0.08054518699645996,269.9297070503235
10000,116,0.07705044746398926,270.5380368232727
10000,116,0.08013319969177246,274.16529750823975
10000,116,0.0774695873260498,274.9347002506256
10000,116,0.07709336280822754,273.4422824382782
10000,163,0.11459517478942871,385.66236901283264
10000,163,0.11008763313293457,389.0637345314026
10000,163,0.10913658142089844,389.5627501010895
10000,163,0.1108238697052002,381.0292830467224
10000,163,0.11394906044006348,391.0438389778137
10000,228,0.15715265274047852,532.6677618026733
10000,228,0.15518736839294434,539.3977320194244
10000,228,0.15355825424194336,545.6781258583069
10000,228,0.15412187576293945,555.456282377243
10000,228,0.15456604957580566,540.5400726795197
10000,321,0.22647404670715332,777.8059177398682
10000,321,0.2189178466796875,771.5519080162048
10000,321,0.21604013442993164,775.6752576828003
10000,321,0.21503257751464844,773.0893006324768
10000,321,0.21666407585144043,774.445246219635
10000,450,0.3179471492767334,1109.9149267673492
10000,450,0.3099644184112549,1111.6406893730164
10000,450,0.3178861141204834,1114.2922394275665
10000,450,0.3112771511077881,1112.2782971858978
10000,450,0.32728052139282227,1113.836262702942
10000,631,0.4442629814147949,1554.2126619815826
10000,631,0.4375426769256592,1558.0288598537445
10000,631,0.4443175792694092,1552.3062093257904
10000,631,0.43541383743286133,1557.3370110988617
10000,631,0.44477176666259766,1555.5172595977783
